matricula,admissão,cargo,observacoes3,desc_situacao,na_compra,titulo_do_cargo,empresa,sindicato
35741,2025-04-07,COORDENADOR DE OPERACOES III,,,,,,
35774,2025-04-22,ANALISTA DADOS I,,,,,,
35722,2025-04-02,ASSISTENTE DE BPO I,,,,,,
35767,2025-04-22,DESENVOLVEDOR III,,,,,,
35701,2025-04-01,GERENTE DE SERVICOS SENIOR,,,,,,
35770,2025-04-23,ASSISTENTE DE BPO I,,,,,,
35714,2025-04-01,ANALISTA DADOS III,,,,,,
35727,2025-04-02,ENGENHEIRO DADOS II,,,,,,
35743,2025-04-08,ASSISTENTE DE BPO I,,,,,,
35782,2025-04-28,DESENVOLVEDOR III,,,,,,
35726,2025-04-02,ASSISTENTE DE BPO I,,,,,,
35769,2025-04-23,ASSISTENTE DE BPO I,,,,,,
35752,2025-04-14,ASSISTENTE DE BPO I,,,,,,
35738,2025-04-07,DESENVOLVEDOR II,,,,,,
35740,2025-04-11,AGILE MASTER,,,,,,
35702,2025-04-01,AGILE MASTER,,,,,,
35706,2025-04-10,DESENVOLVEDOR III,,,,,,
35734,2025-04-07,ANALISTA SUPORTE I,,,,,,
35747,2025-04-14,DESENVOLVEDOR III,,,,,,
35708,2025-04-01,DESENVOLVEDOR III,demitido,,,,,
35780,2025-04-25,ASSISTENTE DE BPO I,,,,,,
35720,2025-04-01,DESENVOLVEDOR III,,,,,,
35737,2025-04-07,TECH RECRUITER II,,,,,,
35704,2025-04-01,ENGENHEIRO DADOS ESP. II,,,,,,
35748,2025-04-10,ARQUITETO DADOS II,,,,,,
35781,2025-04-28,ASSISTENTE PMO,,,,,,
35773,2025-04-22,ANALISTA DADOS I,,,,,,
35724,2025-04-02,ASSISTENTE DE BPO I,,,,,,
35746,2025-04-09,ASSISTENTE DE BPO I,,,,,,
35763,2025-04-17,ASSISTENTE DE BPO I,,,,,,
35756,2025-04-17,ASSISTENTE DE BPO I,,,,,,
35758,2025-04-16,ASSISTENTE DE BPO I,,,,,,
35718,2025-04-01,TECH RECRUITER II,,,,,,
35730,2025-04-03,ASSISTENTE DE BPO I,,,,,,
35745,2025-04-14,AGILE COACH II,,,,,,
35699,2025-04-01,ASSISTENTE DE BPO I,demitido,,,,,
35710,2025-04-01,DESENVOLVEDOR III,,,,,,
35736,2025-04-07,ARQUITETO INFRAESTRUTURA TI II,,,,,,
35776,2025-04-23,ASSISTENTE DE BPO I,,,,,,
35750,2025-04-14,ANALISTA QUAL. SOFTWARE I,,,,,,
35728,2025-04-03,ASSISTENTE DE BPO I,,,,,,
35733,2025-04-07,ANALISTA SUPORTE I,,,,,,
35766,2025-04-22,DESENVOLVEDOR II,,,,,,
35739,2025-04-08,DESENVOLVEDOR III,,,,,,
35705,2025-04-07,CONS. FUNCIONAL SAP III,,,,,,
35754,2025-04-14,DESENVOLVEDOR III,,,,,,
35742,2025-04-08,SDR II,,,,,,
35772,2025-04-22,ASSISTENTE DE BPO I,,,,,,
35721,2025-04-01,ASSISTENTE DE BPO I,,,,,,
35759,2025-04-16,ASSISTENTE DE BPO I,,,,,,
35760,2025-04-15,ASSISTENTE DE BPO I,,,,,,
35723,2025-04-02,ASSISTENTE DE BPO I,,,,,,
35707,2025-04-01,AGILE MASTER,,,,,,
35749,2025-04-10,DESENVOLVEDOR III,,,,,,
35713,2025-04-02,ASSISTENTE DE BPO I,,,,,,
35753,2025-04-16,COORDENADOR DE OPERACOES III,,,,,,
35717,2025-04-01,DESENVOLVEDOR III,,,,,,
35716,2025-04-01,ESTAGIARIO,não recebe VR,,,,,
35768,2025-04-22,CONS. ESP. FUNCIONAL SAP,,,,,,
35777,2025-04-23,ASSISTENTE DE BPO I,,,,,,
35725,2025-04-02,DESENVOLVEDOR III,,,,,,
35771,2025-04-23,ASSISTENTE DE BPO I,,,,,,
35715,2025-04-01,ESTAGIARIO,não recebe VR,,,,,
35783,2025-04-25,ASSISTENTE DE BPO I,,,,,,
35700,2025-04-01,ASSISTENTE DE BPO I,,,,,,
35732,2025-04-16,DESENVOLVEDOR III,,,,,,
35719,2025-04-01,ESTAGIARIO,não recebe VR,,,,,
35709,2025-04-02,ASSISTENTE DE BPO I,,,,,,
35755,2025-04-15,DESENVOLVEDOR III,demitido,,,,,
35712,2025-04-01,TECH RECRUITER II,,,,,,
35778,2025-04-24,PRODUCT MANAGER II,,,,,,
35761,2025-04-17,ASSISTENTE DE BPO I,,,,,,
35762,2025-04-16,CONS. FUNCIONAL SAP III,,,,,,
35775,2025-04-24,DESIGNER UX/UI II,,,,,,
35764,2025-04-17,ARQUITETO SOLUCOES III,,,,,,
35731,2025-04-03,DESIGNER UX/UI II,,,,,,
35729,2025-04-03,DESENVOLVEDOR III,,,,,,
35703,2025-04-01,ANALISTA DADOS III,,,,,,
35711,2025-04-01,ASSISTENTE DE BPO I,,,,,,
35779,2025-04-28,DESENVOLVEDOR III,,,,,,
35744,2025-04-08,DESENVOLVEDOR II,,,,,,
35765,2025-04-22,ANALISTA DEVSECOPS III,,,,,,
35751,2025-04-11,ANALISTA DADOS II,,,,,,
32572,,,,Licença Maternidade,,,,
25961,,,,Licença Maternidade,,,,
21151,,,,Auxílio Doença,,,,
25857,,,,Auxílio Doença,,,,
31326,,,,Licença Maternidade,,,,
32930,,,,Licença Maternidade,,,,
30515,,,retorno de férias + licença em 11/06,Licença Maternidade,30515.0,,,
34526,,,retorno de férias + licença em 12/06,Licença Maternidade,34526.0,,,
34357,,,,Licença Maternidade,,,,
34539,,,retorno da licença em 04/06,Licença Maternidade,34539.0,,,
34330,,,,Auxílio Doença,,,,
30264,,,,Licença Maternidade,,,,
32345,,,retorno de férias + licença em 26/05,Licença Maternidade,32345.0,,,
30200,,,,Licença Maternidade,,,,
34867,,,,Auxílio Doença,,,,
34986,,,,Auxílio Doença,,,,
34731,,,,Auxílio Doença,,,,
34901,,,,Auxílio Doença,,,,
33106,,,retorno da licença em 05/06,Licença Maternidade,33106.0,,,
25233,,,,Auxílio Doença,,,,
34383,,,,,,APRENDIZ,,
34404,,,,,,APRENDIZ,,
35086,,,,,,APRENDIZ,,
34396,,,,,,APRENDIZ,,
34403,,,,,,APRENDIZ,,
35640,,,,,,APRENDIZ,,
34951,,,,,,APRENDIZ TECH,,
34950,,,,,,APRENDIZ TI,,
35088,,,,,,APRENDIZ,,
35635,,,,,,APRENDIZ,,
35081,,,,,,APRENDIZ,,
35641,,,,,,APRENDIZ,,
35637,,,,,,APRENDIZ,,
35639,,,,,,APRENDIZ,,
35642,,,,,,APRENDIZ,,
35636,,,,,,APRENDIZ,,
35607,,,,,,APRENDIZ AUX  ADMINISTRATIVO,,
35366,,,,,,APRENDIZ,,
35643,,,,,,APRENDIZ,,
34392,,,,,,APRENDIZ,,
35085,,,,,,APRENDIZ,,
34398,,,,,,APRENDIZ,,
35089,,,,,,APRENDIZ,,
35644,,,,,,APRENDIZ,,
34394,,,,,,APRENDIZ,,
34953,,,,,,APRENDIZ TECH,,
35058,,,,,,APRENDIZ,,
35638,,,,,,APRENDIZ,,
34952,,,,,,APRENDIZ,,
35571,,,,,,APRENDIZ,,
35609,,,,,,APRENDIZ AUX  ADMINISTRATIVO,,
35610,,,,,,APRENDIZ AUX  ADMINISTRATIVO,,
35608,,,,,,APRENDIZ AUX  ADMINISTRATIVO,,
34941,,,,Trabalhando,,TECH RECRUITER II,1410.0,SINDPD SP - SIND.TRAB.EM PROC DADOS E EMPR.EMPRESAS PROC DADOS ESTADO DE SP.
24401,,,,Trabalhando,,COORDENADOR ADMINISTRATIVO,1410.0,SINDPPD RS - SINDICATO DOS TRAB. EM PROC. DE DADOS RIO GRANDE DO SUL
32104,,,,Férias,,ANALISTA CONTABIL-FISCAL II,1410.0,SINDPPD RS - SINDICATO DOS TRAB. EM PROC. DE DADOS RIO GRANDE DO SUL
35254,,,,Trabalhando,,ANALISTA CONTABIL-FISCAL II,1410.0,SINDPPD RS - SINDICATO DOS TRAB. EM PROC. DE DADOS RIO GRANDE DO SUL
31731,,,,Trabalhando,,ANALISTA CONTABIL-FISCAL III,1410.0,SINDPPD RS - SINDICATO DOS TRAB. EM PROC. DE DADOS RIO GRANDE DO SUL
31009,,,,Trabalhando,,ANALISTA DE CONTROLADORIA I,1410.0,SINDPPD RS - SINDICATO DOS TRAB. EM PROC. DE DADOS RIO GRANDE DO SUL
28979,,,,Trabalhando,,ANALISTA DE CONTROLADORIA II,1410.0,SINDPPD RS - SINDICATO DOS TRAB. EM PROC. DE DADOS RIO GRANDE DO SUL
24122,,,,Trabalhando,,GERENTE CONTABIL-FISCAL,1410.0,SINDPPD RS - SINDICATO DOS TRAB. EM PROC. DE DADOS RIO GRANDE DO SUL
35149,,,,Trabalhando,,ASSISTENTE CONTABIL-FISCAL,1410.0,SINDPPD RS - SINDICATO DOS TRAB. EM PROC. DE DADOS RIO GRANDE DO SUL
25022,,,,Trabalhando,,COORDENADOR CONTABIL-FISCAL,1410.0,SINDPPD RS - SINDICATO DOS TRAB. EM PROC. DE DADOS RIO GRANDE DO SUL
32130,,,,Trabalhando,,ANALISTA DE ADMINISTRACAO DE PESSOAS I,1410.0,SINDPPD RS - SINDICATO DOS TRAB. EM PROC. DE DADOS RIO GRANDE DO SUL
32213,,,,Trabalhando,,ANALISTA DE ADMINISTRACAO DE PESSOAS I,1410.0,SINDPPD RS - SINDICATO DOS TRAB. EM PROC. DE DADOS RIO GRANDE DO SUL
34597,,,,Trabalhando,,ANALISTA DE ADMINISTRACAO DE PESSOAS I,1410.0,SINDPPD RS - SINDICATO DOS TRAB. EM PROC. DE DADOS RIO GRANDE DO SUL
25314,,,,Trabalhando,,ANALISTA DE ADMINISTRACAO DE PESSOAS II,1410.0,SINDPPD RS - SINDICATO DOS TRAB. EM PROC. DE DADOS RIO GRANDE DO SUL
31868,,,,Trabalhando,,ANALISTA DE ADMINISTRACAO DE PESSOAS II,1410.0,SINDPPD RS - SINDICATO DOS TRAB. EM PROC. DE DADOS RIO GRANDE DO SUL
26314,,,,Trabalhando,,ASSISTENTE DE ADMINISTRACAO DE PESSOAS,1410.0,SINDPPD RS - SINDICATO DOS TRAB. EM PROC. DE DADOS RIO GRANDE DO SUL
32337,,,,Trabalhando,,ASSISTENTE DE ADMINISTRACAO DE PESSOAS,1410.0,SINDPPD RS - SINDICATO DOS TRAB. EM PROC. DE DADOS RIO GRANDE DO SUL
33856,,,,Trabalhando,,ASSISTENTE DE ADMINISTRACAO DE PESSOAS,1410.0,SINDPPD RS - SINDICATO DOS TRAB. EM PROC. DE DADOS RIO GRANDE DO SUL
33883,,,,Trabalhando,,ASSISTENTE DE ADMINISTRACAO DE PESSOAS,1410.0,SINDPPD RS - SINDICATO DOS TRAB. EM PROC. DE DADOS RIO GRANDE DO SUL
33395,,,,Trabalhando,,COORDENADOR DE ADMINISTRACAO DE PESSOAS,1410.0,SINDPPD RS - SINDICATO DOS TRAB. EM PROC. DE DADOS RIO GRANDE DO SUL
28996,,,,Trabalhando,,LIDER TECNICO PLENO,1410.0,SINDPPD RS - SINDICATO DOS TRAB. EM PROC. DE DADOS RIO GRANDE DO SUL
35132,,,,Trabalhando,,COORDENADOR DE ATRACAO E SELECAO,1410.0,SINDPPD RS - SINDICATO DOS TRAB. EM PROC. DE DADOS RIO GRANDE DO SUL
32031,,,,Trabalhando,,TECH RECRUITER I,1410.0,SINDPPD RS - SINDICATO DOS TRAB. EM PROC. DE DADOS RIO GRANDE DO SUL
35177,,,,Trabalhando,,TECH RECRUITER II,1410.0,SINDPPD RS - SINDICATO DOS TRAB. EM PROC. DE DADOS RIO GRANDE DO SUL
35182,,,,Trabalhando,,TECH RECRUITER II,1410.0,SINDPPD RS - SINDICATO DOS TRAB. EM PROC. DE DADOS RIO GRANDE DO SUL
35224,,,,Trabalhando,,TECH RECRUITER II,1410.0,SINDPPD RS - SINDICATO DOS TRAB. EM PROC. DE DADOS RIO GRANDE DO SUL
35390,,,,Trabalhando,,TECH RECRUITER II,1410.0,SINDPPD RS - SINDICATO DOS TRAB. EM PROC. DE DADOS RIO GRANDE DO SUL
35633,,,,Trabalhando,,TECH RECRUITER III,1410.0,SINDPPD RS - SINDICATO DOS TRAB. EM PROC. DE DADOS RIO GRANDE DO SUL
31795,,,,Trabalhando,,ANALISTA DE FINANCAS I,1410.0,SINDPPD RS - SINDICATO DOS TRAB. EM PROC. DE DADOS RIO GRANDE DO SUL
35136,,,,Trabalhando,,ANALISTA DE FINANCAS I,1410.0,SINDPPD RS - SINDICATO DOS TRAB. EM PROC. DE DADOS RIO GRANDE DO SUL
31269,,,,Trabalhando,,ANALISTA DE FINANCAS II,1410.0,SINDPPD RS - SINDICATO DOS TRAB. EM PROC. DE DADOS RIO GRANDE DO SUL
25251,,,,Trabalhando,,ANALISTA DE FINANCAS III,1410.0,SINDPPD RS - SINDICATO DOS TRAB. EM PROC. DE DADOS RIO GRANDE DO SUL
23499,,,,Trabalhando,,COORDENADOR FINANCEIRO,1410.0,SINDPPD RS - SINDICATO DOS TRAB. EM PROC. DE DADOS RIO GRANDE DO SUL
26927,,,,Trabalhando,,ANALISTA DE COMPLIANCE II,1410.0,SINDPPD RS - SINDICATO DOS TRAB. EM PROC. DE DADOS RIO GRANDE DO SUL
33708,,,,Trabalhando,,GERENTE JURIDICO,1410.0,SINDPPD RS - SINDICATO DOS TRAB. EM PROC. DE DADOS RIO GRANDE DO SUL
33595,,,,Trabalhando,,DESENVOLVEDOR DE RPA I,1410.0,SINDPPD RS - SINDICATO DOS TRAB. EM PROC. DE DADOS RIO GRANDE DO SUL
35360,,,,Trabalhando,,ASSISTENTE DE COMPRAS,1410.0,SINDPPD RS - SINDICATO DOS TRAB. EM PROC. DE DADOS RIO GRANDE DO SUL
26182,,,,Trabalhando,,ANALISTA DE COMPRAS I,1410.0,SINDPPD RS - SINDICATO DOS TRAB. EM PROC. DE DADOS RIO GRANDE DO SUL
29033,,,,Trabalhando,,ANALISTA DE COMPRAS I,1410.0,SINDPPD RS - SINDICATO DOS TRAB. EM PROC. DE DADOS RIO GRANDE DO SUL
31494,,,,Trabalhando,,GERENTE DE PESSOAS E PERFORMANCE,1410.0,SINDPPD RS - SINDICATO DOS TRAB. EM PROC. DE DADOS RIO GRANDE DO SUL
31963,,,,Trabalhando,,ANALISTA DE EDUCACAO CORPORATIVA I,1410.0,SINDPPD RS - SINDICATO DOS TRAB. EM PROC. DE DADOS RIO GRANDE DO SUL
32975,,,,Trabalhando,,DESIGNER UX/UI II,1410.0,SINDPPD RS - SINDICATO DOS TRAB. EM PROC. DE DADOS RIO GRANDE DO SUL
33832,,,,Trabalhando,,ASSISTENTE DE COMUNICACAO E MARKETING,1410.0,SINDPPD RS - SINDICATO DOS TRAB. EM PROC. DE DADOS RIO GRANDE DO SUL
35199,,,,Trabalhando,,ANALISTA DE EDUCACAO CORPORATIVA II,1410.0,SINDPPD RS - SINDICATO DOS TRAB. EM PROC. DE DADOS RIO GRANDE DO SUL
31505,,,,Trabalhando,,COORDENADOR DE REMUNERACAO E PERFORMANCE,1410.0,SINDPPD RS - SINDICATO DOS TRAB. EM PROC. DE DADOS RIO GRANDE DO SUL
26859,,,,Trabalhando,,COORDENADOR DE ATRACAO E SELECAO,1410.0,SINDPPD RS - SINDICATO DOS TRAB. EM PROC. DE DADOS RIO GRANDE DO SUL
34686,,,,Trabalhando,,TECH RECRUITER I,1410.0,SINDPPD RS - SINDICATO DOS TRAB. EM PROC. DE DADOS RIO GRANDE DO SUL
30609,,,,Trabalhando,,TECH RECRUITER II,1410.0,SINDPPD RS - SINDICATO DOS TRAB. EM PROC. DE DADOS RIO GRANDE DO SUL
35178,,,,Trabalhando,,TECH RECRUITER II,1410.0,SINDPPD RS - SINDICATO DOS TRAB. EM PROC. DE DADOS RIO GRANDE DO SUL
35712,,,,Trabalhando,,TECH RECRUITER II,1410.0,SINDPPD RS - SINDICATO DOS TRAB. EM PROC. DE DADOS RIO GRANDE DO SUL
35745,,,,Trabalhando,,AGILE COACH II,1410.0,SINDPPD RS - SINDICATO DOS TRAB. EM PROC. DE DADOS RIO GRANDE DO SUL
29342,,,,Trabalhando,,BUSINESS PARTNER ESPECIALISTA,1410.0,SINDPPD RS - SINDICATO DOS TRAB. EM PROC. DE DADOS RIO GRANDE DO SUL
30025,,,,Trabalhando,,BUSINESS PARTNER ESPECIALISTA,1410.0,SINDPPD RS - SINDICATO DOS TRAB. EM PROC. DE DADOS RIO GRANDE DO SUL
33111,,,,Trabalhando,,ANALISTA DE COMUNICACAO E MARKETING I,1410.0,SINDPPD RS - SINDICATO DOS TRAB. EM PROC. DE DADOS RIO GRANDE DO SUL
31646,,,,Trabalhando,,ANALISTA DE COMUNICACAO E MARKETING I,1410.0,SINDPPD RS - SINDICATO DOS TRAB. EM PROC. DE DADOS RIO GRANDE DO SUL
25619,,,,Trabalhando,,COORDENADOR DE COMUNICACAO E MARKETING,1410.0,SINDPPD RS - SINDICATO DOS TRAB. EM PROC. DE DADOS RIO GRANDE DO SUL
32030,,,,Trabalhando,,ANALISTA CONTABIL-FISCAL III,1410.0,SINDPPD RS - SINDICATO DOS TRAB. EM PROC. DE DADOS RIO GRANDE DO SUL
35693,,,,Trabalhando,,ANALISTA CONTABIL-FISCAL III,1410.0,SINDPPD RS - SINDICATO DOS TRAB. EM PROC. DE DADOS RIO GRANDE DO SUL
32751,,,,Trabalhando,,ANALISTA CONTABIL-FISCAL III,1410.0,SINDPPD RS - SINDICATO DOS TRAB. EM PROC. DE DADOS RIO GRANDE DO SUL
35485,,,,Trabalhando,,ANALISTA DE QUALIDADE DE SOFTWARE II,1410.0,SINDPPD RS - SINDICATO DOS TRAB. EM PROC. DE DADOS RIO GRANDE DO SUL
35201,,,,Trabalhando,,ANALISTA DE QUALIDADE DE SOFTWARE III,1410.0,SINDPPD RS - SINDICATO DOS TRAB. EM PROC. DE DADOS RIO GRANDE DO SUL
32761,,,,Férias,,ANALISTA DE SISTEMAS E NEGOCIOS II,1410.0,SINDPPD RS - SINDICATO DOS TRAB. EM PROC. DE DADOS RIO GRANDE DO SUL
35675,,,,Trabalhando,,PRODUCT OWNER III,1410.0,SINDPPD RS - SINDICATO DOS TRAB. EM PROC. DE DADOS RIO GRANDE DO SUL
25528,,,,Trabalhando,,DESENVOLVEDOR III,1410.0,SINDPPD RS - SINDICATO DOS TRAB. EM PROC. DE DADOS RIO GRANDE DO SUL
31872,,,,Trabalhando,,DESENVOLVEDOR III,1410.0,SINDPPD RS - SINDICATO DOS TRAB. EM PROC. DE DADOS RIO GRANDE DO SUL
35538,,,,Trabalhando,,DESENVOLVEDOR III,1410.0,SINDPPD RS - SINDICATO DOS TRAB. EM PROC. DE DADOS RIO GRANDE DO SUL
35561,,,,Trabalhando,,DESENVOLVEDOR III,1410.0,SINDPPD RS - SINDICATO DOS TRAB. EM PROC. DE DADOS RIO GRANDE DO SUL
35651,,,,Trabalhando,,DESENVOLVEDOR III,1410.0,SINDPPD RS - SINDICATO DOS TRAB. EM PROC. DE DADOS RIO GRANDE DO SUL
35691,,,,Trabalhando,,DESENVOLVEDOR III,1410.0,SINDPPD RS - SINDICATO DOS TRAB. EM PROC. DE DADOS RIO GRANDE DO SUL
35717,,,,Trabalhando,,DESENVOLVEDOR III,1410.0,SINDPPD RS - SINDICATO DOS TRAB. EM PROC. DE DADOS RIO GRANDE DO SUL
26846,,,,Trabalhando,,ANALISTA DE SISTEMAS E NEGOCIOS III,1410.0,SINDPPD RS - SINDICATO DOS TRAB. EM PROC. DE DADOS RIO GRANDE DO SUL
35750,,,,Trabalhando,,ANALISTA DE QUALIDADE DE SOFTWARE I,1410.0,SINDPPD RS - SINDICATO DOS TRAB. EM PROC. DE DADOS RIO GRANDE DO SUL
35655,,,,Trabalhando,,DESENVOLVEDOR III,1410.0,SINDPPD RS - SINDICATO DOS TRAB. EM PROC. DE DADOS RIO GRANDE DO SUL
32073,,,,Trabalhando,,ANALISTA DE COMUNICACAO E MARKETING II,1410.0,SINDPPD RS - SINDICATO DOS TRAB. EM PROC. DE DADOS RIO GRANDE DO SUL
34825,,,,Trabalhando,,ANALISTA DE QUALIDADE DE SOFTWARE II,1410.0,SINDPPD RS - SINDICATO DOS TRAB. EM PROC. DE DADOS RIO GRANDE DO SUL
35362,,,,Trabalhando,,ANALISTA DE QUALIDADE DE SOFTWARE II,1410.0,SINDPPD RS - SINDICATO DOS TRAB. EM PROC. DE DADOS RIO GRANDE DO SUL
30567,,,,Férias,,ANALISTA DE SUPORTE II,1410.0,SINDPPD RS - SINDICATO DOS TRAB. EM PROC. DE DADOS RIO GRANDE DO SUL
32099,,,,Trabalhando,,ANALISTA DE SUPORTE II,1410.0,SINDPPD RS - SINDICATO DOS TRAB. EM PROC. DE DADOS RIO GRANDE DO SUL
35705,,,,Trabalhando,,CONSULTOR FUNCIONAL SAP III,1410.0,SINDPPD RS - SINDICATO DOS TRAB. EM PROC. DE DADOS RIO GRANDE DO SUL
35768,,,,Trabalhando,,CONSULTOR ESPECIALISTA FUNCIONAL SAP,1410.0,SINDPPD RS - SINDICATO DOS TRAB. EM PROC. DE DADOS RIO GRANDE DO SUL
26051,,,,Trabalhando,,GERENTE DE SERVICOS SENIOR,1410.0,SINDPPD RS - SINDICATO DOS TRAB. EM PROC. DE DADOS RIO GRANDE DO SUL
34113,,,,Trabalhando,,DESENVOLVEDOR II,1410.0,SINDPPD RS - SINDICATO DOS TRAB. EM PROC. DE DADOS RIO GRANDE DO SUL
35549,,,,Trabalhando,,DESENVOLVEDOR II,1410.0,SINDPPD RS - SINDICATO DOS TRAB. EM PROC. DE DADOS RIO GRANDE DO SUL
34740,,,,Trabalhando,,DESENVOLVEDOR III,1410.0,SINDPPD RS - SINDICATO DOS TRAB. EM PROC. DE DADOS RIO GRANDE DO SUL
33146,,,,Trabalhando,,CONSULTOR FUNCIONAL SAP III,1410.0,SINDPPD RS - SINDICATO DOS TRAB. EM PROC. DE DADOS RIO GRANDE DO SUL
32868,,,,Trabalhando,,ANALISTA DE PMO I,1410.0,SINDPPD RS - SINDICATO DOS TRAB. EM PROC. DE DADOS RIO GRANDE DO SUL
35214,,,,Trabalhando,,DESENVOLVEDOR II,1410.0,SINDPPD RS - SINDICATO DOS TRAB. EM PROC. DE DADOS RIO GRANDE DO SUL
35279,,,,Trabalhando,,DESENVOLVEDOR II,1410.0,SINDPPD RS - SINDICATO DOS TRAB. EM PROC. DE DADOS RIO GRANDE DO SUL
32080,,,,Trabalhando,,ASSISTENTE DE CUSTOMER SUCCESS,1410.0,SINDPPD RS - SINDICATO DOS TRAB. EM PROC. DE DADOS RIO GRANDE DO SUL
25931,,,,Trabalhando,,GERENTE DE CUSTOMER SUCCESS,1410.0,SINDPPD RS - SINDICATO DOS TRAB. EM PROC. DE DADOS RIO GRANDE DO SUL
29254,,,,Trabalhando,,ANALISTA DE CUSTOMER SUCCESS II,1410.0,SINDPPD RS - SINDICATO DOS TRAB. EM PROC. DE DADOS RIO GRANDE DO SUL
32356,,,,Trabalhando,,ANALISTA DE QUALIDADE DE SOFTWARE II,1410.0,SINDPPD RS - SINDICATO DOS TRAB. EM PROC. DE DADOS RIO GRANDE DO SUL
35606,,,,Trabalhando,,ANALISTA DE QUALIDADE DE SOFTWARE III,1410.0,SINDPPD RS - SINDICATO DOS TRAB. EM PROC. DE DADOS RIO GRANDE DO SUL
32848,,,,Trabalhando,,ANALISTA DE SISTEMAS E NEGOCIOS II,1410.0,SINDPPD RS - SINDICATO DOS TRAB. EM PROC. DE DADOS RIO GRANDE DO SUL
26809,,,,Trabalhando,,ARQUITETO DE SOFTWARE III,1410.0,SINDPPD RS - SINDICATO DOS TRAB. EM PROC. DE DADOS RIO GRANDE DO SUL
34994,,,,Trabalhando,,COORDENADOR DE OPERACOES I,1410.0,SINDPPD RS - SINDICATO DOS TRAB. EM PROC. DE DADOS RIO GRANDE DO SUL
33929,,,,Trabalhando,,COORDENADOR DE OPERACOES I,1410.0,SINDPPD RS - SINDICATO DOS TRAB. EM PROC. DE DADOS RIO GRANDE DO SUL
26892,,,,Trabalhando,,DESENVOLVEDOR II,1410.0,SINDPPD RS - SINDICATO DOS TRAB. EM PROC. DE DADOS RIO GRANDE DO SUL
32244,,,,Trabalhando,,DESENVOLVEDOR II,1410.0,SINDPPD RS - SINDICATO DOS TRAB. EM PROC. DE DADOS RIO GRANDE DO SUL
35738,,,,Trabalhando,,DESENVOLVEDOR II,1410.0,SINDPPD RS - SINDICATO DOS TRAB. EM PROC. DE DADOS RIO GRANDE DO SUL
32920,,,,Trabalhando,,ANALISTA DE QUALIDADE DE SOFTWARE I,1410.0,SINDPPD RS - SINDICATO DOS TRAB. EM PROC. DE DADOS RIO GRANDE DO SUL
26949,,,,Trabalhando,,DESENVOLVEDOR III,1410.0,SINDPPD RS - SINDICATO DOS TRAB. EM PROC. DE DADOS RIO GRANDE DO SUL
27009,,,,Trabalhando,,DESENVOLVEDOR III,1410.0,SINDPPD RS - SINDICATO DOS TRAB. EM PROC. DE DADOS RIO GRANDE DO SUL
30325,,,,Trabalhando,,DESENVOLVEDOR III,1410.0,SINDPPD RS - SINDICATO DOS TRAB. EM PROC. DE DADOS RIO GRANDE DO SUL
32292,,,,Trabalhando,,DESENVOLVEDOR III,1410.0,SINDPPD RS - SINDICATO DOS TRAB. EM PROC. DE DADOS RIO GRANDE DO SUL
35659,,,,Trabalhando,,DESENVOLVEDOR I,1410.0,SINDPPD RS - SINDICATO DOS TRAB. EM PROC. DE DADOS RIO GRANDE DO SUL
35680,,,,Trabalhando,,DESENVOLVEDOR I,1410.0,SINDPPD RS - SINDICATO DOS TRAB. EM PROC. DE DADOS RIO GRANDE DO SUL
35590,,,,Trabalhando,,DESENVOLVEDOR I,1410.0,SINDPPD RS - SINDICATO DOS TRAB. EM PROC. DE DADOS RIO GRANDE DO SUL
34946,,,,Trabalhando,,DESENVOLVEDOR III,1410.0,SINDPPD RS - SINDICATO DOS TRAB. EM PROC. DE DADOS RIO GRANDE DO SUL
34534,,,,Trabalhando,,PRODUCT OWNER II,1410.0,SINDPPD RS - SINDICATO DOS TRAB. EM PROC. DE DADOS RIO GRANDE DO SUL
33774,,,,Trabalhando,,DESENVOLVEDOR I,1410.0,SINDPPD RS - SINDICATO DOS TRAB. EM PROC. DE DADOS RIO GRANDE DO SUL
34147,,,,Trabalhando,,DESENVOLVEDOR II,1410.0,SINDPPD RS - SINDICATO DOS TRAB. EM PROC. DE DADOS RIO GRANDE DO SUL
35281,,,,Trabalhando,,ANALISTA DE NEGOCIOS I,1410.0,SINDPPD RS - SINDICATO DOS TRAB. EM PROC. DE DADOS RIO GRANDE DO SUL
35524,,,,Trabalhando,,ANALISTA DE NEGOCIOS I,1410.0,SINDPPD RS - SINDICATO DOS TRAB. EM PROC. DE DADOS RIO GRANDE DO SUL
27792,,,,Trabalhando,,COORDENADOR DE OPERACOES I,1410.0,SINDPPD RS - SINDICATO DOS TRAB. EM PROC. DE DADOS RIO GRANDE DO SUL
35210,,,,Trabalhando,,DESENVOLVEDOR II,1410.0,SINDPPD RS - SINDICATO DOS TRAB. EM PROC. DE DADOS RIO GRANDE DO SUL
35372,,,,Trabalhando,,GERENTE DE PROJETOS I,1410.0,SINDPPD RS - SINDICATO DOS TRAB. EM PROC. DE DADOS RIO GRANDE DO SUL
35374,,,,Trabalhando,,ANALISTA DE DADOS II,1410.0,SINDPPD RS - SINDICATO DOS TRAB. EM PROC. DE DADOS RIO GRANDE DO SUL
35379,,,,Trabalhando,,DESENVOLVEDOR II,1410.0,SINDPPD RS - SINDICATO DOS TRAB. EM PROC. DE DADOS RIO GRANDE DO SUL
35749,,,,Trabalhando,,DESENVOLVEDOR III,1410.0,SINDPPD RS - SINDICATO DOS TRAB. EM PROC. DE DADOS RIO GRANDE DO SUL
35754,,,,Trabalhando,,DESENVOLVEDOR III,1410.0,SINDPPD RS - SINDICATO DOS TRAB. EM PROC. DE DADOS RIO GRANDE DO SUL
29083,,,,Trabalhando,,EXECUTIVO DE CONTAS I,1410.0,SINDPPD RS - SINDICATO DOS TRAB. EM PROC. DE DADOS RIO GRANDE DO SUL
25081,,,,Trabalhando,,EXECUTIVO DE CONTAS III,1410.0,SINDPPD RS - SINDICATO DOS TRAB. EM PROC. DE DADOS RIO GRANDE DO SUL
26322,,,,Trabalhando,,EXECUTIVO DE CONTAS I,1410.0,SINDPPD RS - SINDICATO DOS TRAB. EM PROC. DE DADOS RIO GRANDE DO SUL
29090,,,,Trabalhando,,EXECUTIVO DE CONTAS I,1410.0,SINDPPD RS - SINDICATO DOS TRAB. EM PROC. DE DADOS RIO GRANDE DO SUL
29087,,,,Trabalhando,,EXECUTIVO DE CONTAS I,1410.0,SINDPPD RS - SINDICATO DOS TRAB. EM PROC. DE DADOS RIO GRANDE DO SUL
24685,,,,Trabalhando,,EXECUTIVO DE CONTAS III,1410.0,SINDPPD RS - SINDICATO DOS TRAB. EM PROC. DE DADOS RIO GRANDE DO SUL
24820,,,,Trabalhando,,EXECUTIVO DE CONTAS ESPECIALISTA,1410.0,SINDPPD RS - SINDICATO DOS TRAB. EM PROC. DE DADOS RIO GRANDE DO SUL
35500,,,,Trabalhando,,ASSISTENTE DE NEGOCIOS II,1410.0,SINDPPD RS - SINDICATO DOS TRAB. EM PROC. DE DADOS RIO GRANDE DO SUL
32176,,,,Trabalhando,,ANALISTA DE NEGOCIOS I,1410.0,SINDPPD RS - SINDICATO DOS TRAB. EM PROC. DE DADOS RIO GRANDE DO SUL
33295,,,,Trabalhando,,ASSISTENTE DE NEGOCIOS,1410.0,SINDPPD RS - SINDICATO DOS TRAB. EM PROC. DE DADOS RIO GRANDE DO SUL
35526,,,,Trabalhando,,DESENVOLVEDOR II,1410.0,SINDPPD RS - SINDICATO DOS TRAB. EM PROC. DE DADOS RIO GRANDE DO SUL
35368,,,,Trabalhando,,CONSULTOR ESPECIALISTA TECNICO SAP,1410.0,SINDPPD RS - SINDICATO DOS TRAB. EM PROC. DE DADOS RIO GRANDE DO SUL
35576,,,,Trabalhando,,DESENVOLVEDOR I,1410.0,SINDPPD RS - SINDICATO DOS TRAB. EM PROC. DE DADOS RIO GRANDE DO SUL
35619,,,,Trabalhando,,DESENVOLVEDOR I,1410.0,SINDPPD RS - SINDICATO DOS TRAB. EM PROC. DE DADOS RIO GRANDE DO SUL
35581,,,,Trabalhando,,ASSISTENTE DE NEGOCIOS I,1410.0,SINDPPD RS - SINDICATO DOS TRAB. EM PROC. DE DADOS RIO GRANDE DO SUL
35578,,,,Trabalhando,,ASSISTENTE DE NEGOCIOS III,1410.0,SINDPPD RS - SINDICATO DOS TRAB. EM PROC. DE DADOS RIO GRANDE DO SUL
25050,,,,Trabalhando,,DESENVOLVEDOR III,1410.0,SINDPPD RS - SINDICATO DOS TRAB. EM PROC. DE DADOS RIO GRANDE DO SUL
35509,,,,Trabalhando,,DESENVOLVEDOR III,1410.0,SINDPPD RS - SINDICATO DOS TRAB. EM PROC. DE DADOS RIO GRANDE DO SUL
31645,,,,Trabalhando,,ANALISTA DEVSECOPS I,1410.0,SINDPPD RS - SINDICATO DOS TRAB. EM PROC. DE DADOS RIO GRANDE DO SUL
34297,,,,Trabalhando,,DESENVOLVEDOR III,1410.0,SINDPPD RS - SINDICATO DOS TRAB. EM PROC. DE DADOS RIO GRANDE DO SUL
35692,,,,Trabalhando,,DESENVOLVEDOR III,1410.0,SINDPPD RS - SINDICATO DOS TRAB. EM PROC. DE DADOS RIO GRANDE DO SUL
35646,,,,Trabalhando,,ANALISTA DE DADOS II,1410.0,SINDPPD RS - SINDICATO DOS TRAB. EM PROC. DE DADOS RIO GRANDE DO SUL
30265,,,,Trabalhando,,ANALISTA DE DADOS III,1410.0,SINDPPD RS - SINDICATO DOS TRAB. EM PROC. DE DADOS RIO GRANDE DO SUL
35513,,,,Trabalhando,,DESENVOLVEDOR II,1410.0,SINDPPD RS - SINDICATO DOS TRAB. EM PROC. DE DADOS RIO GRANDE DO SUL
35782,,,,Trabalhando,,DESENVOLVEDOR III,1410.0,SINDPPD RS - SINDICATO DOS TRAB. EM PROC. DE DADOS RIO GRANDE DO SUL
33058,,,,Trabalhando,,DESENVOLVEDOR I,1410.0,SINDPPD RS - SINDICATO DOS TRAB. EM PROC. DE DADOS RIO GRANDE DO SUL
31091,,,,Trabalhando,,ANALISTA DE DADOS III,1410.0,SINDPPD RS - SINDICATO DOS TRAB. EM PROC. DE DADOS RIO GRANDE DO SUL
33423,,,,Trabalhando,,ANALISTA DE DADOS III,1410.0,SINDPPD RS - SINDICATO DOS TRAB. EM PROC. DE DADOS RIO GRANDE DO SUL
30502,,,,Férias,,CIENTISTA DE DADOS III,1410.0,SINDPPD RS - SINDICATO DOS TRAB. EM PROC. DE DADOS RIO GRANDE DO SUL
35486,,,,Trabalhando,,ANALISTA DE QUALIDADE DE SOFTWARE III,1410.0,SINDPPD RS - SINDICATO DOS TRAB. EM PROC. DE DADOS RIO GRANDE DO SUL
35228,,,,Trabalhando,,DESENVOLVEDOR I,1410.0,SINDPPD RS - SINDICATO DOS TRAB. EM PROC. DE DADOS RIO GRANDE DO SUL
35255,,,,Trabalhando,,ANALISTA DE QUALIDADE DE SOFTWARE II,1410.0,SINDPPD RS - SINDICATO DOS TRAB. EM PROC. DE DADOS RIO GRANDE DO SUL
35183,,,,Trabalhando,,ANALISTA DE QUALIDADE DE SOFTWARE I,1410.0,SINDPPD RS - SINDICATO DOS TRAB. EM PROC. DE DADOS RIO GRANDE DO SUL
35185,,,,Trabalhando,,ANALISTA DE QUALIDADE DE SOFTWARE I,1410.0,SINDPPD RS - SINDICATO DOS TRAB. EM PROC. DE DADOS RIO GRANDE DO SUL
35260,,,,Trabalhando,,ANALISTA DE QUALIDADE DE SOFTWARE I,1410.0,SINDPPD RS - SINDICATO DOS TRAB. EM PROC. DE DADOS RIO GRANDE DO SUL
35195,,,,Trabalhando,,ENGENHEIRO DE DADOS II,1410.0,SINDPPD RS - SINDICATO DOS TRAB. EM PROC. DE DADOS RIO GRANDE DO SUL
35401,,,,Trabalhando,,DESENVOLVEDOR II,1410.0,SINDPPD RS - SINDICATO DOS TRAB. EM PROC. DE DADOS RIO GRANDE DO SUL
34053,,,,Trabalhando,,ANALISTA DE NEGOCIOS III,1410.0,SINDPPD RS - SINDICATO DOS TRAB. EM PROC. DE DADOS RIO GRANDE DO SUL
34342,,,,Trabalhando,,GERENTE DE OPERACOES I,1410.0,SINDPPD RS - SINDICATO DOS TRAB. EM PROC. DE DADOS RIO GRANDE DO SUL
34907,,,,Trabalhando,,DESENVOLVEDOR II,1410.0,SINDPPD RS - SINDICATO DOS TRAB. EM PROC. DE DADOS RIO GRANDE DO SUL
35221,,,,Trabalhando,,DESENVOLVEDOR III,1410.0,SINDPPD RS - SINDICATO DOS TRAB. EM PROC. DE DADOS RIO GRANDE DO SUL
30207,,,,Trabalhando,,DESENVOLVEDOR III,1410.0,SINDPPD RS - SINDICATO DOS TRAB. EM PROC. DE DADOS RIO GRANDE DO SUL
35370,,,,Trabalhando,,DESENVOLVEDOR III,1410.0,SINDPPD RS - SINDICATO DOS TRAB. EM PROC. DE DADOS RIO GRANDE DO SUL
35205,,,,Trabalhando,,DESENVOLVEDOR II,1410.0,SINDPPD RS - SINDICATO DOS TRAB. EM PROC. DE DADOS RIO GRANDE DO SUL
35611,,,,Trabalhando,,DESENVOLVEDOR II,1410.0,SINDPPD RS - SINDICATO DOS TRAB. EM PROC. DE DADOS RIO GRANDE DO SUL
35648,,,,Trabalhando,,DESENVOLVEDOR II,1410.0,SINDPPD RS - SINDICATO DOS TRAB. EM PROC. DE DADOS RIO GRANDE DO SUL
35238,,,,Trabalhando,,DESENVOLVEDOR II,1410.0,SINDPPD RS - SINDICATO DOS TRAB. EM PROC. DE DADOS RIO GRANDE DO SUL
35516,,,,Trabalhando,,DESENVOLVEDOR II,1410.0,SINDPPD RS - SINDICATO DOS TRAB. EM PROC. DE DADOS RIO GRANDE DO SUL
35074,,,,Trabalhando,,DESENVOLVEDOR DE RPA I,1410.0,SINDPPD RS - SINDICATO DOS TRAB. EM PROC. DE DADOS RIO GRANDE DO SUL
35075,,,,Trabalhando,,DESENVOLVEDOR DE RPA I,1410.0,SINDPPD RS - SINDICATO DOS TRAB. EM PROC. DE DADOS RIO GRANDE DO SUL
33983,,,,Trabalhando,,DESENVOLVEDOR DE RPA II,1410.0,SINDPPD RS - SINDICATO DOS TRAB. EM PROC. DE DADOS RIO GRANDE DO SUL
33998,,,,Férias,,DESENVOLVEDOR DE RPA II,1410.0,SINDPPD RS - SINDICATO DOS TRAB. EM PROC. DE DADOS RIO GRANDE DO SUL
35115,,,,Trabalhando,,DESENVOLVEDOR DE RPA I,1410.0,SINDPPD RS - SINDICATO DOS TRAB. EM PROC. DE DADOS RIO GRANDE DO SUL
31410,,,,Trabalhando,,DESENVOLVEDOR III,1410.0,SINDPPD RS - SINDICATO DOS TRAB. EM PROC. DE DADOS RIO GRANDE DO SUL
34158,,,,Trabalhando,,DESENVOLVEDOR III,1410.0,SINDPPD RS - SINDICATO DOS TRAB. EM PROC. DE DADOS RIO GRANDE DO SUL
35252,,,,Trabalhando,,DESENVOLVEDOR III,1410.0,SINDPPD RS - SINDICATO DOS TRAB. EM PROC. DE DADOS RIO GRANDE DO SUL
35751,,,,Trabalhando,,ANALISTA DE DADOS II,1410.0,SINDPPD RS - SINDICATO DOS TRAB. EM PROC. DE DADOS RIO GRANDE DO SUL
31125,,,,Trabalhando,,ANALISTA DE SISTEMAS E NEGOCIOS I,1410.0,SINDPPD RS - SINDICATO DOS TRAB. EM PROC. DE DADOS RIO GRANDE DO SUL
29229,,,,Trabalhando,,DESENVOLVEDOR II,1410.0,SINDPPD RS - SINDICATO DOS TRAB. EM PROC. DE DADOS RIO GRANDE DO SUL
32380,,,,Trabalhando,,DESENVOLVEDOR III,1410.0,SINDPPD RS - SINDICATO DOS TRAB. EM PROC. DE DADOS RIO GRANDE DO SUL
35155,,,,Trabalhando,,DESENVOLVEDOR III,1410.0,SINDPPD RS - SINDICATO DOS TRAB. EM PROC. DE DADOS RIO GRANDE DO SUL
35533,,,,Trabalhando,,DESENVOLVEDOR III,1410.0,SINDPPD RS - SINDICATO DOS TRAB. EM PROC. DE DADOS RIO GRANDE DO SUL
35597,,,,Trabalhando,,DESENVOLVEDOR III,1410.0,SINDPPD RS - SINDICATO DOS TRAB. EM PROC. DE DADOS RIO GRANDE DO SUL
35757,,,,Trabalhando,,DESENVOLVEDOR III,1410.0,SINDPPD RS - SINDICATO DOS TRAB. EM PROC. DE DADOS RIO GRANDE DO SUL
34211,,,,Trabalhando,,DESENVOLVEDOR I,1410.0,SINDPPD RS - SINDICATO DOS TRAB. EM PROC. DE DADOS RIO GRANDE DO SUL
35267,,,,Trabalhando,,DESENVOLVEDOR I,1410.0,SINDPPD RS - SINDICATO DOS TRAB. EM PROC. DE DADOS RIO GRANDE DO SUL
35460,,,,Trabalhando,,DESENVOLVEDOR II,1410.0,SINDPPD RS - SINDICATO DOS TRAB. EM PROC. DE DADOS RIO GRANDE DO SUL
35487,,,,Trabalhando,,DESENVOLVEDOR II,1410.0,SINDPPD RS - SINDICATO DOS TRAB. EM PROC. DE DADOS RIO GRANDE DO SUL
35493,,,,Trabalhando,,DESENVOLVEDOR II,1410.0,SINDPPD RS - SINDICATO DOS TRAB. EM PROC. DE DADOS RIO GRANDE DO SUL
35710,,,,Trabalhando,,DESENVOLVEDOR III,1410.0,SINDPPD RS - SINDICATO DOS TRAB. EM PROC. DE DADOS RIO GRANDE DO SUL
33119,,,,Trabalhando,,ANALISTA DE NEGOCIOS I,1410.0,SINDPPD RS - SINDICATO DOS TRAB. EM PROC. DE DADOS RIO GRANDE DO SUL
35645,,,,Trabalhando,,ANALISTA DE PROCESSOS III,1410.0,SINDPPD RS - SINDICATO DOS TRAB. EM PROC. DE DADOS RIO GRANDE DO SUL
35762,,,,Trabalhando,,CONSULTOR FUNCIONAL SAP III,1410.0,SINDPPD RS - SINDICATO DOS TRAB. EM PROC. DE DADOS RIO GRANDE DO SUL
35788,,,,Trabalhando,,ANALISTA DE DADOS II,1410.0,SINDPPD RS - SINDICATO DOS TRAB. EM PROC. DE DADOS RIO GRANDE DO SUL
31848,,,,Trabalhando,,ASSISTENTE DE BPO I,1410.0,SINDPPD RS - SINDICATO DOS TRAB. EM PROC. DE DADOS RIO GRANDE DO SUL
35067,,,,Trabalhando,,ASSISTENTE DE BPO I,1410.0,SINDPPD RS - SINDICATO DOS TRAB. EM PROC. DE DADOS RIO GRANDE DO SUL
35227,,,,Trabalhando,,ASSISTENTE DE BPO I,1410.0,SINDPPD RS - SINDICATO DOS TRAB. EM PROC. DE DADOS RIO GRANDE DO SUL
35709,,,,Trabalhando,,ASSISTENTE DE BPO I,1410.0,SINDPPD RS - SINDICATO DOS TRAB. EM PROC. DE DADOS RIO GRANDE DO SUL
33647,,,,Trabalhando,,LIDER DE BPO,1410.0,SINDPPD RS - SINDICATO DOS TRAB. EM PROC. DE DADOS RIO GRANDE DO SUL
34514,,,,Trabalhando,,ASSISTENTE DE BPO II,1410.0,SINDPPD RS - SINDICATO DOS TRAB. EM PROC. DE DADOS RIO GRANDE DO SUL
30642,,,,Trabalhando,,DESENVOLVEDOR II,1410.0,SINDPPD RS - SINDICATO DOS TRAB. EM PROC. DE DADOS RIO GRANDE DO SUL
35488,,,,Trabalhando,,ANALISTA DE SISTEMAS E NEGOCIOS III,1410.0,SINDPPD RS - SINDICATO DOS TRAB. EM PROC. DE DADOS RIO GRANDE DO SUL
35744,,,,Trabalhando,,DESENVOLVEDOR II,1410.0,SINDPPD RS - SINDICATO DOS TRAB. EM PROC. DE DADOS RIO GRANDE DO SUL
32536,,,,Trabalhando,,DESENVOLVEDOR III,1410.0,SINDPPD RS - SINDICATO DOS TRAB. EM PROC. DE DADOS RIO GRANDE DO SUL
31327,,,,Trabalhando,,ANALISTA DE SISTEMAS E NEGOCIOS II,1410.0,SINDPPD RS - SINDICATO DOS TRAB. EM PROC. DE DADOS RIO GRANDE DO SUL
35387,,,,Trabalhando,,ANALISTA DE QUALIDADE DE SOFTWARE II,1410.0,SINDPPD RS - SINDICATO DOS TRAB. EM PROC. DE DADOS RIO GRANDE DO SUL
35766,,,,Trabalhando,,DESENVOLVEDOR II,1410.0,SINDPPD RS - SINDICATO DOS TRAB. EM PROC. DE DADOS RIO GRANDE DO SUL
35023,,,,Trabalhando,,DESENVOLVEDOR III,1410.0,SINDPPD RS - SINDICATO DOS TRAB. EM PROC. DE DADOS RIO GRANDE DO SUL
35404,,,,Trabalhando,,DESENVOLVEDOR III,1410.0,SINDPPD RS - SINDICATO DOS TRAB. EM PROC. DE DADOS RIO GRANDE DO SUL
35277,,,,Trabalhando,,ANALISTA DE DADOS III,1410.0,SINDPPD RS - SINDICATO DOS TRAB. EM PROC. DE DADOS RIO GRANDE DO SUL
35765,,,,Trabalhando,,ANALISTA DEVSECOPS III,1410.0,SINDPPD RS - SINDICATO DOS TRAB. EM PROC. DE DADOS RIO GRANDE DO SUL
35405,,,,Trabalhando,,DESENVOLVEDOR I,1410.0,SINDPPD RS - SINDICATO DOS TRAB. EM PROC. DE DADOS RIO GRANDE DO SUL
32535,,,,Trabalhando,,DESENVOLVEDOR III,1410.0,SINDPPD RS - SINDICATO DOS TRAB. EM PROC. DE DADOS RIO GRANDE DO SUL
34312,,,,Trabalhando,,DESENVOLVEDOR III,1410.0,SINDPPD RS - SINDICATO DOS TRAB. EM PROC. DE DADOS RIO GRANDE DO SUL
35417,,,,Trabalhando,,DESENVOLVEDOR III,1410.0,SINDPPD RS - SINDICATO DOS TRAB. EM PROC. DE DADOS RIO GRANDE DO SUL
35598,,,,Trabalhando,,DESENVOLVEDOR III,1410.0,SINDPPD RS - SINDICATO DOS TRAB. EM PROC. DE DADOS RIO GRANDE DO SUL
32881,,,,Trabalhando,,DESENVOLVEDOR III,1410.0,SINDPPD RS - SINDICATO DOS TRAB. EM PROC. DE DADOS RIO GRANDE DO SUL
34200,,,,Trabalhando,,ANALISTA DE QUALIDADE DE SOFTWARE II,1410.0,SINDPPD RS - SINDICATO DOS TRAB. EM PROC. DE DADOS RIO GRANDE DO SUL
33513,,,,Trabalhando,,PRODUCT OWNER III,1410.0,SINDPPD RS - SINDICATO DOS TRAB. EM PROC. DE DADOS RIO GRANDE DO SUL
33625,,,,Trabalhando,,DESENVOLVEDOR III,1410.0,SINDPPD RS - SINDICATO DOS TRAB. EM PROC. DE DADOS RIO GRANDE DO SUL
32001,,,,Trabalhando,,CONSULTOR ESPECIALISTA FUNCIONAL SAP,1410.0,SINDPPD RS - SINDICATO DOS TRAB. EM PROC. DE DADOS RIO GRANDE DO SUL
35200,,,,Trabalhando,,ANALISTA DE QUALIDADE DE SOFTWARE III,1410.0,SINDPPD RS - SINDICATO DOS TRAB. EM PROC. DE DADOS RIO GRANDE DO SUL
26545,,,,Trabalhando,,DESENVOLVEDOR II,1410.0,SINDPPD RS - SINDICATO DOS TRAB. EM PROC. DE DADOS RIO GRANDE DO SUL
35537,,,,Trabalhando,,DESENVOLVEDOR II,1410.0,SINDPPD RS - SINDICATO DOS TRAB. EM PROC. DE DADOS RIO GRANDE DO SUL
32275,,,,Trabalhando,,DESENVOLVEDOR III,1410.0,SINDPPD RS - SINDICATO DOS TRAB. EM PROC. DE DADOS RIO GRANDE DO SUL
35739,,,,Trabalhando,,DESENVOLVEDOR III,1410.0,SINDPPD RS - SINDICATO DOS TRAB. EM PROC. DE DADOS RIO GRANDE DO SUL
35498,,,,Trabalhando,,DESENVOLVEDOR III,1410.0,SINDPPD RS - SINDICATO DOS TRAB. EM PROC. DE DADOS RIO GRANDE DO SUL
31599,,,,Trabalhando,,ANALISTA DE SUPORTE I,1410.0,SINDPPD RS - SINDICATO DOS TRAB. EM PROC. DE DADOS RIO GRANDE DO SUL
32068,,,,Trabalhando,,ASSISTENTE DE BPO I,1410.0,SINDPPD RS - SINDICATO DOS TRAB. EM PROC. DE DADOS RIO GRANDE DO SUL
35756,,,,Trabalhando,,ASSISTENTE DE BPO I,1410.0,SINDPPD RS - SINDICATO DOS TRAB. EM PROC. DE DADOS RIO GRANDE DO SUL
35761,,,,Trabalhando,,ASSISTENTE DE BPO I,1410.0,SINDPPD RS - SINDICATO DOS TRAB. EM PROC. DE DADOS RIO GRANDE DO SUL
35763,,,,Trabalhando,,ASSISTENTE DE BPO I,1410.0,SINDPPD RS - SINDICATO DOS TRAB. EM PROC. DE DADOS RIO GRANDE DO SUL
35776,,,,Trabalhando,,ASSISTENTE DE BPO I,1410.0,SINDPPD RS - SINDICATO DOS TRAB. EM PROC. DE DADOS RIO GRANDE DO SUL
35529,,,,Trabalhando,,ASSISTENTE DE BPO I,1410.0,SINDPPD RS - SINDICATO DOS TRAB. EM PROC. DE DADOS RIO GRANDE DO SUL
35565,,,,Trabalhando,,ASSISTENTE DE BPO I,1410.0,SINDPPD RS - SINDICATO DOS TRAB. EM PROC. DE DADOS RIO GRANDE DO SUL
35566,,,,Trabalhando,,ASSISTENTE DE BPO I,1410.0,SINDPPD RS - SINDICATO DOS TRAB. EM PROC. DE DADOS RIO GRANDE DO SUL
35584,,,,Trabalhando,,ASSISTENTE DE BPO I,1410.0,SINDPPD RS - SINDICATO DOS TRAB. EM PROC. DE DADOS RIO GRANDE DO SUL
35594,,,,Trabalhando,,ASSISTENTE DE BPO I,1410.0,SINDPPD RS - SINDICATO DOS TRAB. EM PROC. DE DADOS RIO GRANDE DO SUL
35671,,,,Trabalhando,,ASSISTENTE DE BPO I,1410.0,SINDPPD RS - SINDICATO DOS TRAB. EM PROC. DE DADOS RIO GRANDE DO SUL
35471,,,,Trabalhando,,ASSISTENTE DE BPO I,1410.0,SINDPPD RS - SINDICATO DOS TRAB. EM PROC. DE DADOS RIO GRANDE DO SUL
35519,,,,Trabalhando,,ASSISTENTE DE BPO I,1410.0,SINDPPD RS - SINDICATO DOS TRAB. EM PROC. DE DADOS RIO GRANDE DO SUL
35525,,,,Trabalhando,,ASSISTENTE DE BPO I,1410.0,SINDPPD RS - SINDICATO DOS TRAB. EM PROC. DE DADOS RIO GRANDE DO SUL
35527,,,,Trabalhando,,ASSISTENTE DE BPO I,1410.0,SINDPPD RS - SINDICATO DOS TRAB. EM PROC. DE DADOS RIO GRANDE DO SUL
34575,,,,Trabalhando,,ASSISTENTE DE BPO I,1410.0,SINDPPD RS - SINDICATO DOS TRAB. EM PROC. DE DADOS RIO GRANDE DO SUL
34601,,,,Trabalhando,,ASSISTENTE DE BPO I,1410.0,SINDPPD RS - SINDICATO DOS TRAB. EM PROC. DE DADOS RIO GRANDE DO SUL
34873,,,,Trabalhando,,ASSISTENTE DE BPO I,1410.0,SINDPPD RS - SINDICATO DOS TRAB. EM PROC. DE DADOS RIO GRANDE DO SUL
34886,,,,Trabalhando,,ASSISTENTE DE BPO I,1410.0,SINDPPD RS - SINDICATO DOS TRAB. EM PROC. DE DADOS RIO GRANDE DO SUL
34109,,,,Trabalhando,,ASSISTENTE DE BPO I,1410.0,SINDPPD RS - SINDICATO DOS TRAB. EM PROC. DE DADOS RIO GRANDE DO SUL
35024,,,,Trabalhando,,ASSISTENTE DE BPO I,1410.0,SINDPPD RS - SINDICATO DOS TRAB. EM PROC. DE DADOS RIO GRANDE DO SUL
35026,,,,Trabalhando,,ASSISTENTE DE BPO I,1410.0,SINDPPD RS - SINDICATO DOS TRAB. EM PROC. DE DADOS RIO GRANDE DO SUL
35789,,,,Trabalhando,,ASSISTENTE DE BPO I,1410.0,SINDPPD RS - SINDICATO DOS TRAB. EM PROC. DE DADOS RIO GRANDE DO SUL
35790,,,,Trabalhando,,ASSISTENTE DE BPO I,1410.0,SINDPPD RS - SINDICATO DOS TRAB. EM PROC. DE DADOS RIO GRANDE DO SUL
35682,,,,Trabalhando,,ASSISTENTE DE BPO I,1410.0,SINDPPD RS - SINDICATO DOS TRAB. EM PROC. DE DADOS RIO GRANDE DO SUL
35730,,,,Trabalhando,,ASSISTENTE DE BPO I,1410.0,SINDPPD RS - SINDICATO DOS TRAB. EM PROC. DE DADOS RIO GRANDE DO SUL
35743,,,,Trabalhando,,ASSISTENTE DE BPO I,1410.0,SINDPPD RS - SINDICATO DOS TRAB. EM PROC. DE DADOS RIO GRANDE DO SUL
35042,,,,Trabalhando,,ASSISTENTE DE BPO I,1410.0,SINDPPD RS - SINDICATO DOS TRAB. EM PROC. DE DADOS RIO GRANDE DO SUL
35043,,,,Trabalhando,,ASSISTENTE DE BPO I,1410.0,SINDPPD RS - SINDICATO DOS TRAB. EM PROC. DE DADOS RIO GRANDE DO SUL
35144,,,,Trabalhando,,ASSISTENTE DE BPO I,1410.0,SINDPPD RS - SINDICATO DOS TRAB. EM PROC. DE DADOS RIO GRANDE DO SUL
35266,,,,Trabalhando,,ASSISTENTE DE BPO I,1410.0,SINDPPD RS - SINDICATO DOS TRAB. EM PROC. DE DADOS RIO GRANDE DO SUL
35394,,,,Trabalhando,,ASSISTENTE DE BPO I,1410.0,SINDPPD RS - SINDICATO DOS TRAB. EM PROC. DE DADOS RIO GRANDE DO SUL
33466,,,,Trabalhando,,ASSISTENTE DE BPO I,1410.0,SINDPPD RS - SINDICATO DOS TRAB. EM PROC. DE DADOS RIO GRANDE DO SUL
33928,,,,Trabalhando,,ASSISTENTE DE BPO I,1410.0,SINDPPD RS - SINDICATO DOS TRAB. EM PROC. DE DADOS RIO GRANDE DO SUL
34106,,,,Trabalhando,,ASSISTENTE DE BPO I,1410.0,SINDPPD RS - SINDICATO DOS TRAB. EM PROC. DE DADOS RIO GRANDE DO SUL
34328,,,,Trabalhando,,ASSISTENTE DE BPO I,1410.0,SINDPPD RS - SINDICATO DOS TRAB. EM PROC. DE DADOS RIO GRANDE DO SUL
35033,,,,Trabalhando,,ASSISTENTE DE BPO I,1410.0,SINDPPD RS - SINDICATO DOS TRAB. EM PROC. DE DADOS RIO GRANDE DO SUL
35265,,,,Trabalhando,,ASSISTENTE DE BPO I,1410.0,SINDPPD RS - SINDICATO DOS TRAB. EM PROC. DE DADOS RIO GRANDE DO SUL
35441,,,,Trabalhando,,ASSISTENTE DE BPO I,1410.0,SINDPPD RS - SINDICATO DOS TRAB. EM PROC. DE DADOS RIO GRANDE DO SUL
35496,,,,Trabalhando,,ASSISTENTE DE BPO I,1410.0,SINDPPD RS - SINDICATO DOS TRAB. EM PROC. DE DADOS RIO GRANDE DO SUL
31979,,,,Trabalhando,,ASSISTENTE DE BPO I,1410.0,SINDPPD RS - SINDICATO DOS TRAB. EM PROC. DE DADOS RIO GRANDE DO SUL
33556,,,,Trabalhando,,ASSISTENTE DE BPO I,1410.0,SINDPPD RS - SINDICATO DOS TRAB. EM PROC. DE DADOS RIO GRANDE DO SUL
33933,,,,Trabalhando,,ASSISTENTE DE BPO I,1410.0,SINDPPD RS - SINDICATO DOS TRAB. EM PROC. DE DADOS RIO GRANDE DO SUL
34021,,,,Trabalhando,,ASSISTENTE DE BPO I,1410.0,SINDPPD RS - SINDICATO DOS TRAB. EM PROC. DE DADOS RIO GRANDE DO SUL
34172,,,,Trabalhando,,ASSISTENTE DE BPO I,1410.0,SINDPPD RS - SINDICATO DOS TRAB. EM PROC. DE DADOS RIO GRANDE DO SUL
35770,,,,Trabalhando,,ASSISTENTE DE BPO I,1410.0,SINDPPD RS - SINDICATO DOS TRAB. EM PROC. DE DADOS RIO GRANDE DO SUL
35771,,,,Trabalhando,,ASSISTENTE DE BPO I,1410.0,SINDPPD RS - SINDICATO DOS TRAB. EM PROC. DE DADOS RIO GRANDE DO SUL
35777,,,,Trabalhando,,ASSISTENTE DE BPO I,1410.0,SINDPPD RS - SINDICATO DOS TRAB. EM PROC. DE DADOS RIO GRANDE DO SUL
35624,,,,Trabalhando,,ASSISTENTE DE BPO I,1410.0,SINDPPD RS - SINDICATO DOS TRAB. EM PROC. DE DADOS RIO GRANDE DO SUL
35626,,,,Trabalhando,,ASSISTENTE DE BPO I,1410.0,SINDPPD RS - SINDICATO DOS TRAB. EM PROC. DE DADOS RIO GRANDE DO SUL
35676,,,,Trabalhando,,ASSISTENTE DE BPO I,1410.0,SINDPPD RS - SINDICATO DOS TRAB. EM PROC. DE DADOS RIO GRANDE DO SUL
35679,,,,Trabalhando,,ASSISTENTE DE BPO I,1410.0,SINDPPD RS - SINDICATO DOS TRAB. EM PROC. DE DADOS RIO GRANDE DO SUL
35728,,,,Trabalhando,,ASSISTENTE DE BPO I,1410.0,SINDPPD RS - SINDICATO DOS TRAB. EM PROC. DE DADOS RIO GRANDE DO SUL
35769,,,,Trabalhando,,ASSISTENTE DE BPO I,1410.0,SINDPPD RS - SINDICATO DOS TRAB. EM PROC. DE DADOS RIO GRANDE DO SUL
35263,,,,Trabalhando,,ASSISTENTE DE BPO I,1410.0,SINDPPD RS - SINDICATO DOS TRAB. EM PROC. DE DADOS RIO GRANDE DO SUL
35547,,,,Trabalhando,,ASSISTENTE DE BPO I,1410.0,SINDPPD RS - SINDICATO DOS TRAB. EM PROC. DE DADOS RIO GRANDE DO SUL
35557,,,,Trabalhando,,ASSISTENTE DE BPO I,1410.0,SINDPPD RS - SINDICATO DOS TRAB. EM PROC. DE DADOS RIO GRANDE DO SUL
35600,,,,Trabalhando,,ASSISTENTE DE BPO I,1410.0,SINDPPD RS - SINDICATO DOS TRAB. EM PROC. DE DADOS RIO GRANDE DO SUL
35601,,,,Trabalhando,,ASSISTENTE DE BPO I,1410.0,SINDPPD RS - SINDICATO DOS TRAB. EM PROC. DE DADOS RIO GRANDE DO SUL
35044,,,,Trabalhando,,ASSISTENTE DE BPO I,1410.0,SINDPPD RS - SINDICATO DOS TRAB. EM PROC. DE DADOS RIO GRANDE DO SUL
35047,,,,Trabalhando,,ASSISTENTE DE BPO I,1410.0,SINDPPD RS - SINDICATO DOS TRAB. EM PROC. DE DADOS RIO GRANDE DO SUL
35049,,,,Trabalhando,,ASSISTENTE DE BPO I,1410.0,SINDPPD RS - SINDICATO DOS TRAB. EM PROC. DE DADOS RIO GRANDE DO SUL
35059,,,,Trabalhando,,ASSISTENTE DE BPO I,1410.0,SINDPPD RS - SINDICATO DOS TRAB. EM PROC. DE DADOS RIO GRANDE DO SUL
35242,,,,Trabalhando,,ASSISTENTE DE BPO I,1410.0,SINDPPD RS - SINDICATO DOS TRAB. EM PROC. DE DADOS RIO GRANDE DO SUL
35261,,,,Trabalhando,,ASSISTENTE DE BPO I,1410.0,SINDPPD RS - SINDICATO DOS TRAB. EM PROC. DE DADOS RIO GRANDE DO SUL
34998,,,,Trabalhando,,ASSISTENTE DE BPO I,1410.0,SINDPPD RS - SINDICATO DOS TRAB. EM PROC. DE DADOS RIO GRANDE DO SUL
34999,,,,Trabalhando,,ASSISTENTE DE BPO I,1410.0,SINDPPD RS - SINDICATO DOS TRAB. EM PROC. DE DADOS RIO GRANDE DO SUL
35003,,,,Trabalhando,,ASSISTENTE DE BPO I,1410.0,SINDPPD RS - SINDICATO DOS TRAB. EM PROC. DE DADOS RIO GRANDE DO SUL
35007,,,,Trabalhando,,ASSISTENTE DE BPO I,1410.0,SINDPPD RS - SINDICATO DOS TRAB. EM PROC. DE DADOS RIO GRANDE DO SUL
35008,,,,Trabalhando,,ASSISTENTE DE BPO I,1410.0,SINDPPD RS - SINDICATO DOS TRAB. EM PROC. DE DADOS RIO GRANDE DO SUL
35011,,,,Trabalhando,,ASSISTENTE DE BPO I,1410.0,SINDPPD RS - SINDICATO DOS TRAB. EM PROC. DE DADOS RIO GRANDE DO SUL
34619,,,,Trabalhando,,ASSISTENTE DE BPO I,1410.0,SINDPPD RS - SINDICATO DOS TRAB. EM PROC. DE DADOS RIO GRANDE DO SUL
34656,,,,Trabalhando,,ASSISTENTE DE BPO I,1410.0,SINDPPD RS - SINDICATO DOS TRAB. EM PROC. DE DADOS RIO GRANDE DO SUL
34842,,,,Trabalhando,,ASSISTENTE DE BPO I,1410.0,SINDPPD RS - SINDICATO DOS TRAB. EM PROC. DE DADOS RIO GRANDE DO SUL
34920,,,,Trabalhando,,ASSISTENTE DE BPO I,1410.0,SINDPPD RS - SINDICATO DOS TRAB. EM PROC. DE DADOS RIO GRANDE DO SUL
34977,,,,Trabalhando,,ASSISTENTE DE BPO I,1410.0,SINDPPD RS - SINDICATO DOS TRAB. EM PROC. DE DADOS RIO GRANDE DO SUL
34993,,,,Trabalhando,,ASSISTENTE DE BPO I,1410.0,SINDPPD RS - SINDICATO DOS TRAB. EM PROC. DE DADOS RIO GRANDE DO SUL
34399,,,,Trabalhando,,ASSISTENTE DE BPO I,1410.0,SINDPPD RS - SINDICATO DOS TRAB. EM PROC. DE DADOS RIO GRANDE DO SUL
34540,,,,Trabalhando,,ASSISTENTE DE BPO I,1410.0,SINDPPD RS - SINDICATO DOS TRAB. EM PROC. DE DADOS RIO GRANDE DO SUL
34548,,,,Trabalhando,,ASSISTENTE DE BPO I,1410.0,SINDPPD RS - SINDICATO DOS TRAB. EM PROC. DE DADOS RIO GRANDE DO SUL
34612,,,,Trabalhando,,ASSISTENTE DE BPO I,1410.0,SINDPPD RS - SINDICATO DOS TRAB. EM PROC. DE DADOS RIO GRANDE DO SUL
34344,,,,Trabalhando,,ASSISTENTE DE BPO I,1410.0,SINDPPD RS - SINDICATO DOS TRAB. EM PROC. DE DADOS RIO GRANDE DO SUL
34921,,,,Trabalhando,,ASSISTENTE DE BPO I,1410.0,SINDPPD RS - SINDICATO DOS TRAB. EM PROC. DE DADOS RIO GRANDE DO SUL
32060,,,,Trabalhando,,ASSISTENTE DE BPO I,1410.0,SINDPPD RS - SINDICATO DOS TRAB. EM PROC. DE DADOS RIO GRANDE DO SUL
35006,,,,Trabalhando,,ASSISTENTE DE BPO I,1410.0,SINDPPD RS - SINDICATO DOS TRAB. EM PROC. DE DADOS RIO GRANDE DO SUL
34462,,,,Trabalhando,,ASSISTENTE DE BPO I,1410.0,SINDPPD RS - SINDICATO DOS TRAB. EM PROC. DE DADOS RIO GRANDE DO SUL
34550,,,,Trabalhando,,ASSISTENTE DE BPO I,1410.0,SINDPPD RS - SINDICATO DOS TRAB. EM PROC. DE DADOS RIO GRANDE DO SUL
33877,,,,Trabalhando,,ASSISTENTE DE BPO I,1410.0,SINDPPD RS - SINDICATO DOS TRAB. EM PROC. DE DADOS RIO GRANDE DO SUL
34101,,,,Trabalhando,,ASSISTENTE DE BPO I,1410.0,SINDPPD RS - SINDICATO DOS TRAB. EM PROC. DE DADOS RIO GRANDE DO SUL
34107,,,,Trabalhando,,ASSISTENTE DE BPO I,1410.0,SINDPPD RS - SINDICATO DOS TRAB. EM PROC. DE DADOS RIO GRANDE DO SUL
34108,,,,Trabalhando,,ASSISTENTE DE BPO I,1410.0,SINDPPD RS - SINDICATO DOS TRAB. EM PROC. DE DADOS RIO GRANDE DO SUL
34116,,,,Trabalhando,,ASSISTENTE DE BPO I,1410.0,SINDPPD RS - SINDICATO DOS TRAB. EM PROC. DE DADOS RIO GRANDE DO SUL
34414,,,,Trabalhando,,ASSISTENTE DE BPO I,1410.0,SINDPPD RS - SINDICATO DOS TRAB. EM PROC. DE DADOS RIO GRANDE DO SUL
32929,,,,Trabalhando,,ASSISTENTE DE BPO I,1410.0,SINDPPD RS - SINDICATO DOS TRAB. EM PROC. DE DADOS RIO GRANDE DO SUL
33092,,,,Trabalhando,,ASSISTENTE DE BPO I,1410.0,SINDPPD RS - SINDICATO DOS TRAB. EM PROC. DE DADOS RIO GRANDE DO SUL
33813,,,,Trabalhando,,ASSISTENTE DE BPO I,1410.0,SINDPPD RS - SINDICATO DOS TRAB. EM PROC. DE DADOS RIO GRANDE DO SUL
34962,,,,Trabalhando,,COORDENADOR DE BPO,1410.0,SINDPPD RS - SINDICATO DOS TRAB. EM PROC. DE DADOS RIO GRANDE DO SUL
35478,,,,Trabalhando,,COORDENADOR DE BPO,1410.0,SINDPPD RS - SINDICATO DOS TRAB. EM PROC. DE DADOS RIO GRANDE DO SUL
35534,,,,Trabalhando,,COORDENADOR DE BPO,1410.0,SINDPPD RS - SINDICATO DOS TRAB. EM PROC. DE DADOS RIO GRANDE DO SUL
26662,,,,Trabalhando,,LIDER DE BPO,1410.0,SINDPPD RS - SINDICATO DOS TRAB. EM PROC. DE DADOS RIO GRANDE DO SUL
32146,,,,Trabalhando,,LIDER DE BPO,1410.0,SINDPPD RS - SINDICATO DOS TRAB. EM PROC. DE DADOS RIO GRANDE DO SUL
32538,,,,Trabalhando,,LIDER DE BPO,1410.0,SINDPPD RS - SINDICATO DOS TRAB. EM PROC. DE DADOS RIO GRANDE DO SUL
26787,,,,Trabalhando,,LIDER DE BPO,1410.0,SINDPPD RS - SINDICATO DOS TRAB. EM PROC. DE DADOS RIO GRANDE DO SUL
34219,,,,Trabalhando,,LIDER DE BPO,1410.0,SINDPPD RS - SINDICATO DOS TRAB. EM PROC. DE DADOS RIO GRANDE DO SUL
32272,,,,Trabalhando,,LIDER DE BPO,1410.0,SINDPPD RS - SINDICATO DOS TRAB. EM PROC. DE DADOS RIO GRANDE DO SUL
32572,,,,Licença Maternidade,,LIDER DE BPO,1410.0,SINDPPD RS - SINDICATO DOS TRAB. EM PROC. DE DADOS RIO GRANDE DO SUL
30741,,,,Trabalhando,,LIDER DE BPO,1410.0,SINDPPD RS - SINDICATO DOS TRAB. EM PROC. DE DADOS RIO GRANDE DO SUL
31769,,,,Trabalhando,,ASSISTENTE DE BPO II,1410.0,SINDPPD RS - SINDICATO DOS TRAB. EM PROC. DE DADOS RIO GRANDE DO SUL
31783,,,,Trabalhando,,ASSISTENTE DE BPO II,1410.0,SINDPPD RS - SINDICATO DOS TRAB. EM PROC. DE DADOS RIO GRANDE DO SUL
32278,,,,Férias,,ASSISTENTE DE BPO II,1410.0,SINDPPD RS - SINDICATO DOS TRAB. EM PROC. DE DADOS RIO GRANDE DO SUL
33312,,,,Trabalhando,,ASSISTENTE DE BPO II,1410.0,SINDPPD RS - SINDICATO DOS TRAB. EM PROC. DE DADOS RIO GRANDE DO SUL
34049,,,,Trabalhando,,ASSISTENTE DE BPO II,1410.0,SINDPPD RS - SINDICATO DOS TRAB. EM PROC. DE DADOS RIO GRANDE DO SUL
34276,,,,Trabalhando,,ASSISTENTE DE BPO II,1410.0,SINDPPD RS - SINDICATO DOS TRAB. EM PROC. DE DADOS RIO GRANDE DO SUL
34589,,,,Trabalhando,,ASSISTENTE DE BPO II,1410.0,SINDPPD RS - SINDICATO DOS TRAB. EM PROC. DE DADOS RIO GRANDE DO SUL
33570,,,,Trabalhando,,ASSISTENTE DE BPO II,1410.0,SINDPPD RS - SINDICATO DOS TRAB. EM PROC. DE DADOS RIO GRANDE DO SUL
33808,,,,Férias,,ASSISTENTE DE BPO II,1410.0,SINDPPD RS - SINDICATO DOS TRAB. EM PROC. DE DADOS RIO GRANDE DO SUL
34217,,,,Trabalhando,,ASSISTENTE DE BPO II,1410.0,SINDPPD RS - SINDICATO DOS TRAB. EM PROC. DE DADOS RIO GRANDE DO SUL
31488,,,,Trabalhando,,ASSISTENTE DE BPO II,1410.0,SINDPPD RS - SINDICATO DOS TRAB. EM PROC. DE DADOS RIO GRANDE DO SUL
31557,,,,Trabalhando,,ASSISTENTE DE BPO II,1410.0,SINDPPD RS - SINDICATO DOS TRAB. EM PROC. DE DADOS RIO GRANDE DO SUL
31603,,,,Trabalhando,,ASSISTENTE DE BPO II,1410.0,SINDPPD RS - SINDICATO DOS TRAB. EM PROC. DE DADOS RIO GRANDE DO SUL
31764,,,,Trabalhando,,ASSISTENTE DE BPO II,1410.0,SINDPPD RS - SINDICATO DOS TRAB. EM PROC. DE DADOS RIO GRANDE DO SUL
32585,,,,Trabalhando,,ASSISTENTE DE BPO II,1410.0,SINDPPD RS - SINDICATO DOS TRAB. EM PROC. DE DADOS RIO GRANDE DO SUL
35233,,,,Trabalhando,,ASSISTENTE DE BPO II,1410.0,SINDPPD RS - SINDICATO DOS TRAB. EM PROC. DE DADOS RIO GRANDE DO SUL
35234,,,,Trabalhando,,ASSISTENTE DE BPO II,1410.0,SINDPPD RS - SINDICATO DOS TRAB. EM PROC. DE DADOS RIO GRANDE DO SUL
33198,,,,Trabalhando,,ASSISTENTE DE BPO II,1410.0,SINDPPD RS - SINDICATO DOS TRAB. EM PROC. DE DADOS RIO GRANDE DO SUL
33245,,,,Trabalhando,,ASSISTENTE DE BPO II,1410.0,SINDPPD RS - SINDICATO DOS TRAB. EM PROC. DE DADOS RIO GRANDE DO SUL
33460,,,,Trabalhando,,ASSISTENTE DE BPO II,1410.0,SINDPPD RS - SINDICATO DOS TRAB. EM PROC. DE DADOS RIO GRANDE DO SUL
33542,,,,Trabalhando,,ASSISTENTE DE BPO II,1410.0,SINDPPD RS - SINDICATO DOS TRAB. EM PROC. DE DADOS RIO GRANDE DO SUL
34105,,,,Trabalhando,,ASSISTENTE DE BPO II,1410.0,SINDPPD RS - SINDICATO DOS TRAB. EM PROC. DE DADOS RIO GRANDE DO SUL
34159,,,,Trabalhando,,ASSISTENTE DE BPO II,1410.0,SINDPPD RS - SINDICATO DOS TRAB. EM PROC. DE DADOS RIO GRANDE DO SUL
33018,,,,Trabalhando,,ASSISTENTE DE BPO II,1410.0,SINDPPD RS - SINDICATO DOS TRAB. EM PROC. DE DADOS RIO GRANDE DO SUL
33019,,,,Trabalhando,,ASSISTENTE DE BPO II,1410.0,SINDPPD RS - SINDICATO DOS TRAB. EM PROC. DE DADOS RIO GRANDE DO SUL
33021,,,,Trabalhando,,ASSISTENTE DE BPO II,1410.0,SINDPPD RS - SINDICATO DOS TRAB. EM PROC. DE DADOS RIO GRANDE DO SUL
33095,,,,Trabalhando,,ASSISTENTE DE BPO II,1410.0,SINDPPD RS - SINDICATO DOS TRAB. EM PROC. DE DADOS RIO GRANDE DO SUL
33117,,,,Trabalhando,,ASSISTENTE DE BPO II,1410.0,SINDPPD RS - SINDICATO DOS TRAB. EM PROC. DE DADOS RIO GRANDE DO SUL
33129,,,,Trabalhando,,ASSISTENTE DE BPO II,1410.0,SINDPPD RS - SINDICATO DOS TRAB. EM PROC. DE DADOS RIO GRANDE DO SUL
32592,,,,Trabalhando,,ASSISTENTE DE BPO II,1410.0,SINDPPD RS - SINDICATO DOS TRAB. EM PROC. DE DADOS RIO GRANDE DO SUL
32594,,,,Trabalhando,,ASSISTENTE DE BPO II,1410.0,SINDPPD RS - SINDICATO DOS TRAB. EM PROC. DE DADOS RIO GRANDE DO SUL
32726,,,,Trabalhando,,ASSISTENTE DE BPO II,1410.0,SINDPPD RS - SINDICATO DOS TRAB. EM PROC. DE DADOS RIO GRANDE DO SUL
32787,,,,Trabalhando,,ASSISTENTE DE BPO II,1410.0,SINDPPD RS - SINDICATO DOS TRAB. EM PROC. DE DADOS RIO GRANDE DO SUL
32926,,,,Trabalhando,,ASSISTENTE DE BPO II,1410.0,SINDPPD RS - SINDICATO DOS TRAB. EM PROC. DE DADOS RIO GRANDE DO SUL
32293,,,,Trabalhando,,ASSISTENTE DE BPO II,1410.0,SINDPPD RS - SINDICATO DOS TRAB. EM PROC. DE DADOS RIO GRANDE DO SUL
32992,,,,Trabalhando,,ASSISTENTE DE BPO II,1410.0,SINDPPD RS - SINDICATO DOS TRAB. EM PROC. DE DADOS RIO GRANDE DO SUL
33298,,,,Trabalhando,,ASSISTENTE DE BPO II,1410.0,SINDPPD RS - SINDICATO DOS TRAB. EM PROC. DE DADOS RIO GRANDE DO SUL
34511,,,,Trabalhando,,ASSISTENTE DE BPO II,1410.0,SINDPPD RS - SINDICATO DOS TRAB. EM PROC. DE DADOS RIO GRANDE DO SUL
34561,,,,Trabalhando,,ASSISTENTE DE BPO II,1410.0,SINDPPD RS - SINDICATO DOS TRAB. EM PROC. DE DADOS RIO GRANDE DO SUL
25349,,,,Trabalhando,,ASSISTENTE DE BPO III,1410.0,SINDPPD RS - SINDICATO DOS TRAB. EM PROC. DE DADOS RIO GRANDE DO SUL
26129,,,,Trabalhando,,ASSISTENTE DE BPO III,1410.0,SINDPPD RS - SINDICATO DOS TRAB. EM PROC. DE DADOS RIO GRANDE DO SUL
27257,,,,Trabalhando,,ASSISTENTE DE BPO III,1410.0,SINDPPD RS - SINDICATO DOS TRAB. EM PROC. DE DADOS RIO GRANDE DO SUL
32261,,,,Trabalhando,,ASSISTENTE DE BPO III,1410.0,SINDPPD RS - SINDICATO DOS TRAB. EM PROC. DE DADOS RIO GRANDE DO SUL
32290,,,,Trabalhando,,ASSISTENTE DE BPO III,1410.0,SINDPPD RS - SINDICATO DOS TRAB. EM PROC. DE DADOS RIO GRANDE DO SUL
26910,,,,Férias,,ASSISTENTE DE BPO III,1410.0,SINDPPD RS - SINDICATO DOS TRAB. EM PROC. DE DADOS RIO GRANDE DO SUL
29955,,,,Trabalhando,,ASSISTENTE DE BPO III,1410.0,SINDPPD RS - SINDICATO DOS TRAB. EM PROC. DE DADOS RIO GRANDE DO SUL
32655,,,,Trabalhando,,ASSISTENTE DE BPO III,1410.0,SINDPPD RS - SINDICATO DOS TRAB. EM PROC. DE DADOS RIO GRANDE DO SUL
33489,,,,Trabalhando,,ASSISTENTE DE BPO III,1410.0,SINDPPD RS - SINDICATO DOS TRAB. EM PROC. DE DADOS RIO GRANDE DO SUL
32314,,,,Trabalhando,,ASSISTENTE DE BPO III,1410.0,SINDPPD RS - SINDICATO DOS TRAB. EM PROC. DE DADOS RIO GRANDE DO SUL
32728,,,,Trabalhando,,ASSISTENTE DE BPO III,1410.0,SINDPPD RS - SINDICATO DOS TRAB. EM PROC. DE DADOS RIO GRANDE DO SUL
33073,,,,Trabalhando,,ASSISTENTE DE BPO III,1410.0,SINDPPD RS - SINDICATO DOS TRAB. EM PROC. DE DADOS RIO GRANDE DO SUL
33682,,,,Trabalhando,,ASSISTENTE DE BPO III,1410.0,SINDPPD RS - SINDICATO DOS TRAB. EM PROC. DE DADOS RIO GRANDE DO SUL
25961,,,,Licença Maternidade,,ASSISTENTE DE BPO III,1410.0,SINDPPD RS - SINDICATO DOS TRAB. EM PROC. DE DADOS RIO GRANDE DO SUL
26347,,,,Trabalhando,,ASSISTENTE DE BPO III,1410.0,SINDPPD RS - SINDICATO DOS TRAB. EM PROC. DE DADOS RIO GRANDE DO SUL
30206,,,,Férias,,ASSISTENTE DE BPO III,1410.0,SINDPPD RS - SINDICATO DOS TRAB. EM PROC. DE DADOS RIO GRANDE DO SUL
31234,,,,Trabalhando,,ASSISTENTE DE BPO III,1410.0,SINDPPD RS - SINDICATO DOS TRAB. EM PROC. DE DADOS RIO GRANDE DO SUL
33094,,,,Trabalhando,,ASSISTENTE DE BPO III,1410.0,SINDPPD RS - SINDICATO DOS TRAB. EM PROC. DE DADOS RIO GRANDE DO SUL
31592,,,,Trabalhando,,ASSISTENTE DE BPO III,1410.0,SINDPPD RS - SINDICATO DOS TRAB. EM PROC. DE DADOS RIO GRANDE DO SUL
32216,,,,Férias,,ASSISTENTE DE BPO III,1410.0,SINDPPD RS - SINDICATO DOS TRAB. EM PROC. DE DADOS RIO GRANDE DO SUL
32702,,,,Trabalhando,,ASSISTENTE DE BPO III,1410.0,SINDPPD RS - SINDICATO DOS TRAB. EM PROC. DE DADOS RIO GRANDE DO SUL
35458,,,,Trabalhando,,GERENTE DE OPERACOES II,1410.0,SINDPPD RS - SINDICATO DOS TRAB. EM PROC. DE DADOS RIO GRANDE DO SUL
35560,,,,Trabalhando,,GERENTE DE OPERACOES II,1410.0,SINDPPD RS - SINDICATO DOS TRAB. EM PROC. DE DADOS RIO GRANDE DO SUL
34036,,,,Trabalhando,,ASSISTENTE DE BPO I,1410.0,SINDPPD RS - SINDICATO DOS TRAB. EM PROC. DE DADOS RIO GRANDE DO SUL
34088,,,,Trabalhando,,ASSISTENTE DE BPO I,1410.0,SINDPPD RS - SINDICATO DOS TRAB. EM PROC. DE DADOS RIO GRANDE DO SUL
34725,,,,Trabalhando,,ASSISTENTE DE BPO I,1410.0,SINDPPD RS - SINDICATO DOS TRAB. EM PROC. DE DADOS RIO GRANDE DO SUL
35198,,,,Trabalhando,,ASSISTENTE DE BPO I,1410.0,SINDPPD RS - SINDICATO DOS TRAB. EM PROC. DE DADOS RIO GRANDE DO SUL
35760,,,,Trabalhando,,ASSISTENTE DE BPO I,1410.0,SINDPPD RS - SINDICATO DOS TRAB. EM PROC. DE DADOS RIO GRANDE DO SUL
32271,,,,Trabalhando,,LIDER DE BPO,1410.0,SINDPPD RS - SINDICATO DOS TRAB. EM PROC. DE DADOS RIO GRANDE DO SUL
33586,,,,Trabalhando,,ASSISTENTE DE BPO II,1410.0,SINDPPD RS - SINDICATO DOS TRAB. EM PROC. DE DADOS RIO GRANDE DO SUL
33598,,,,Trabalhando,,ASSISTENTE DE BPO II,1410.0,SINDPPD RS - SINDICATO DOS TRAB. EM PROC. DE DADOS RIO GRANDE DO SUL
25294,,,,Trabalhando,,GERENTE DE OPERACOES I,1410.0,SINDPPD RS - SINDICATO DOS TRAB. EM PROC. DE DADOS RIO GRANDE DO SUL
32707,,,,Trabalhando,,DESENVOLVEDOR DE RPA I,1410.0,SINDPPD RS - SINDICATO DOS TRAB. EM PROC. DE DADOS RIO GRANDE DO SUL
31313,,,,Trabalhando,,DESENVOLVEDOR II,1410.0,SINDPPD RS - SINDICATO DOS TRAB. EM PROC. DE DADOS RIO GRANDE DO SUL
21151,,,,Auxílio Doença,,ANALISTA DE SISTEMAS E NEGOCIOS III,1410.0,SINDPPD RS - SINDICATO DOS TRAB. EM PROC. DE DADOS RIO GRANDE DO SUL
34138,,,,Trabalhando,,ANALISTA DE SUPORTE I,1410.0,SINDPPD RS - SINDICATO DOS TRAB. EM PROC. DE DADOS RIO GRANDE DO SUL
34142,,,,Trabalhando,,ANALISTA DE SUPORTE I,1410.0,SINDPPD RS - SINDICATO DOS TRAB. EM PROC. DE DADOS RIO GRANDE DO SUL
34132,,,,Trabalhando,,ANALISTA DE SUPORTE II,1410.0,SINDPPD RS - SINDICATO DOS TRAB. EM PROC. DE DADOS RIO GRANDE DO SUL
20792,,,,Trabalhando,,GERENTE DE OPERACOES II,1410.0,SINDPPD RS - SINDICATO DOS TRAB. EM PROC. DE DADOS RIO GRANDE DO SUL
32065,,,,Trabalhando,,COORDENADOR DE OPERACOES II,1410.0,SINDPPD RS - SINDICATO DOS TRAB. EM PROC. DE DADOS RIO GRANDE DO SUL
29180,,,,Trabalhando,,DESENVOLVEDOR II,1410.0,SINDPPD RS - SINDICATO DOS TRAB. EM PROC. DE DADOS RIO GRANDE DO SUL
30076,,,,Trabalhando,,DESENVOLVEDOR II,1410.0,SINDPPD RS - SINDICATO DOS TRAB. EM PROC. DE DADOS RIO GRANDE DO SUL
33678,,,,Trabalhando,,DESENVOLVEDOR III,1410.0,SINDPPD RS - SINDICATO DOS TRAB. EM PROC. DE DADOS RIO GRANDE DO SUL
35190,,,,Trabalhando,,ARQUITETO DE SOLUCOES III,1410.0,SINDPPD RS - SINDICATO DOS TRAB. EM PROC. DE DADOS RIO GRANDE DO SUL
35268,,,,Trabalhando,,ARQUITETO DE SOLUCOES III,1410.0,SINDPPD RS - SINDICATO DOS TRAB. EM PROC. DE DADOS RIO GRANDE DO SUL
26345,,,,Trabalhando,,GERENTE DE PMO,1410.0,SINDPPD RS - SINDICATO DOS TRAB. EM PROC. DE DADOS RIO GRANDE DO SUL
32902,,,,Trabalhando,,ANALISTA DE QUALIDADE DE SOFTWARE II,1410.0,SINDPPD RS - SINDICATO DOS TRAB. EM PROC. DE DADOS RIO GRANDE DO SUL
25934,,,,Trabalhando,,GERENTE DE OPERACOES I,1410.0,SINDPPD RS - SINDICATO DOS TRAB. EM PROC. DE DADOS RIO GRANDE DO SUL
30570,,,,Férias,,DESENVOLVEDOR II,1410.0,SINDPPD RS - SINDICATO DOS TRAB. EM PROC. DE DADOS RIO GRANDE DO SUL
24899,,,,Trabalhando,,AGILE MASTER,1410.0,SINDPPD RS - SINDICATO DOS TRAB. EM PROC. DE DADOS RIO GRANDE DO SUL
34894,,,,Trabalhando,,AGILE MASTER,1410.0,SINDPPD RS - SINDICATO DOS TRAB. EM PROC. DE DADOS RIO GRANDE DO SUL
35240,,,,Trabalhando,,DESENVOLVEDOR I,1410.0,SINDPPD RS - SINDICATO DOS TRAB. EM PROC. DE DADOS RIO GRANDE DO SUL
35528,,,,Trabalhando,,ANALISTA DE SUPORTE I,1410.0,SINDPPD RS - SINDICATO DOS TRAB. EM PROC. DE DADOS RIO GRANDE DO SUL
25565,,,,Trabalhando,,ANALISTA DE SUPORTE II,1410.0,SINDPPD RS - SINDICATO DOS TRAB. EM PROC. DE DADOS RIO GRANDE DO SUL
33899,,,,Trabalhando,,ANALISTA DE SUPORTE III,1410.0,SINDPPD RS - SINDICATO DOS TRAB. EM PROC. DE DADOS RIO GRANDE DO SUL
35507,,,,Trabalhando,,ANALISTA DE SUPORTE III,1410.0,SINDPPD RS - SINDICATO DOS TRAB. EM PROC. DE DADOS RIO GRANDE DO SUL
33182,,,,Trabalhando,,DESENVOLVEDOR DE RPA II,1410.0,SINDPPD RS - SINDICATO DOS TRAB. EM PROC. DE DADOS RIO GRANDE DO SUL
33984,,,,Trabalhando,,DESENVOLVEDOR DE RPA II,1410.0,SINDPPD RS - SINDICATO DOS TRAB. EM PROC. DE DADOS RIO GRANDE DO SUL
34004,,,,Trabalhando,,DESENVOLVEDOR DE RPA II,1410.0,SINDPPD RS - SINDICATO DOS TRAB. EM PROC. DE DADOS RIO GRANDE DO SUL
31227,,,,Trabalhando,,ANALISTA DE PROCESSOS III,1410.0,SINDPPD RS - SINDICATO DOS TRAB. EM PROC. DE DADOS RIO GRANDE DO SUL
35632,,,,Trabalhando,,ANALISTA DE RPA II,1410.0,SINDPPD RS - SINDICATO DOS TRAB. EM PROC. DE DADOS RIO GRANDE DO SUL
32716,,,,Trabalhando,,TECH LEAD I,1410.0,SINDPPD RS - SINDICATO DOS TRAB. EM PROC. DE DADOS RIO GRANDE DO SUL
30323,,,,Trabalhando,,ANALISTA DE PMO I,1410.0,SINDPPD RS - SINDICATO DOS TRAB. EM PROC. DE DADOS RIO GRANDE DO SUL
33503,,,,Trabalhando,,CONSULTOR TECNICO SAP I,1410.0,SINDPPD RS - SINDICATO DOS TRAB. EM PROC. DE DADOS RIO GRANDE DO SUL
33499,,,,Trabalhando,,CONSULTOR TECNICO SAP II,1410.0,SINDPPD RS - SINDICATO DOS TRAB. EM PROC. DE DADOS RIO GRANDE DO SUL
31890,,,,Trabalhando,,ANALISTA DE SUPORTE I,1410.0,SINDPPD RS - SINDICATO DOS TRAB. EM PROC. DE DADOS RIO GRANDE DO SUL
35435,,,,Trabalhando,,ANALISTA DE SUPORTE I,1410.0,SINDPPD RS - SINDICATO DOS TRAB. EM PROC. DE DADOS RIO GRANDE DO SUL
31620,,,,Trabalhando,,LIDER DE SAP,1410.0,SINDPPD RS - SINDICATO DOS TRAB. EM PROC. DE DADOS RIO GRANDE DO SUL
35462,,,,Trabalhando,,ANALISTA DE PMO I,1410.0,SINDPPD RS - SINDICATO DOS TRAB. EM PROC. DE DADOS RIO GRANDE DO SUL
26245,,,,Trabalhando,,GERENTE DE OPERACOES I,1410.0,SINDPPD RS - SINDICATO DOS TRAB. EM PROC. DE DADOS RIO GRANDE DO SUL
34065,,,,Trabalhando,,DELIVERY MANAGER,1410.0,SINDPPD RS - SINDICATO DOS TRAB. EM PROC. DE DADOS RIO GRANDE DO SUL
35492,,,,Trabalhando,,DELIVERY MANAGER,1410.0,SINDPPD RS - SINDICATO DOS TRAB. EM PROC. DE DADOS RIO GRANDE DO SUL
33288,,,,Trabalhando,,ESPECIALISTA DE PRE-VENDAS I,1410.0,SINDPPD RS - SINDICATO DOS TRAB. EM PROC. DE DADOS RIO GRANDE DO SUL
34600,,,,Trabalhando,,ARQUITETO DE DADOS II,1410.0,SINDPPD RS - SINDICATO DOS TRAB. EM PROC. DE DADOS RIO GRANDE DO SUL
24442,,,,Trabalhando,,ANALISTA DE SISTEMAS E NEGOCIOS II,1410.0,SINDPPD RS - SINDICATO DOS TRAB. EM PROC. DE DADOS RIO GRANDE DO SUL
27119,,,,Trabalhando,,ANALISTA DE SISTEMAS E NEGOCIOS II,1410.0,SINDPPD RS - SINDICATO DOS TRAB. EM PROC. DE DADOS RIO GRANDE DO SUL
31844,,,,Trabalhando,,ANALISTA DE SUPORTE II,1410.0,SINDPPD RS - SINDICATO DOS TRAB. EM PROC. DE DADOS RIO GRANDE DO SUL
32589,,,,Férias,,DESENVOLVEDOR II,1410.0,SINDPPD RS - SINDICATO DOS TRAB. EM PROC. DE DADOS RIO GRANDE DO SUL
35395,,,,Trabalhando,,ENGENHEIRO DE DADOS II,1410.0,SINDPPD RS - SINDICATO DOS TRAB. EM PROC. DE DADOS RIO GRANDE DO SUL
32014,,,,Trabalhando,,ANALISTA DE SEGURANCA DA INFORMACAO II,1410.0,SINDPPD RS - SINDICATO DOS TRAB. EM PROC. DE DADOS RIO GRANDE DO SUL
35158,,,,Trabalhando,,ANALISTA DE SEGURANCA DA INFORMACAO II,1410.0,SINDPPD RS - SINDICATO DOS TRAB. EM PROC. DE DADOS RIO GRANDE DO SUL
35175,,,,Trabalhando,,ANALISTA DE SEGURANCA DA INFORMACAO II,1410.0,SINDPPD RS - SINDICATO DOS TRAB. EM PROC. DE DADOS RIO GRANDE DO SUL
28913,,,,Trabalhando,,ANALISTA DEVSECOPS II,1410.0,SINDPPD RS - SINDICATO DOS TRAB. EM PROC. DE DADOS RIO GRANDE DO SUL
31258,,,,Trabalhando,,ANALISTA DE INFRAESTRUTURA DE TI II,1410.0,SINDPPD RS - SINDICATO DOS TRAB. EM PROC. DE DADOS RIO GRANDE DO SUL
34928,,,,Trabalhando,,ANALISTA DE INFRAESTRUTURA DE TI III,1410.0,SINDPPD RS - SINDICATO DOS TRAB. EM PROC. DE DADOS RIO GRANDE DO SUL
26346,,,,Trabalhando,,COORDENADOR DE INFRAESTRUTURA DE TI,1410.0,SINDPPD RS - SINDICATO DOS TRAB. EM PROC. DE DADOS RIO GRANDE DO SUL
35148,,,,Trabalhando,,DESENVOLVEDOR II,1410.0,SINDPPD RS - SINDICATO DOS TRAB. EM PROC. DE DADOS RIO GRANDE DO SUL
35269,,,,Trabalhando,,DESENVOLVEDOR II,1410.0,SINDPPD RS - SINDICATO DOS TRAB. EM PROC. DE DADOS RIO GRANDE DO SUL
35437,,,,Trabalhando,,TECH LEAD II,1410.0,SINDPPD RS - SINDICATO DOS TRAB. EM PROC. DE DADOS RIO GRANDE DO SUL
34467,,,,Trabalhando,,DESENVOLVEDOR III,1410.0,SINDPPD RS - SINDICATO DOS TRAB. EM PROC. DE DADOS RIO GRANDE DO SUL
24715,,,,Trabalhando,,CONSULTOR FUNCIONAL SAP III,1410.0,SINDPPD RS - SINDICATO DOS TRAB. EM PROC. DE DADOS RIO GRANDE DO SUL
35304,,,,Trabalhando,,ASSISTENTE DE BPO I,1410.0,SINDPPD RS - SINDICATO DOS TRAB. EM PROC. DE DADOS RIO GRANDE DO SUL
35307,,,,Trabalhando,,ASSISTENTE DE BPO I,1410.0,SINDPPD RS - SINDICATO DOS TRAB. EM PROC. DE DADOS RIO GRANDE DO SUL
35346,,,,Trabalhando,,ASSISTENTE DE BPO I,1410.0,SINDPPD RS - SINDICATO DOS TRAB. EM PROC. DE DADOS RIO GRANDE DO SUL
35685,,,,Trabalhando,,ASSISTENTE DE BPO I,1410.0,SINDPPD RS - SINDICATO DOS TRAB. EM PROC. DE DADOS RIO GRANDE DO SUL
35700,,,,Trabalhando,,ASSISTENTE DE BPO I,1410.0,SINDPPD RS - SINDICATO DOS TRAB. EM PROC. DE DADOS RIO GRANDE DO SUL
35434,,,,Trabalhando,,ASSISTENTE DE BPO I,1410.0,SINDPPD RS - SINDICATO DOS TRAB. EM PROC. DE DADOS RIO GRANDE DO SUL
35442,,,,Trabalhando,,ASSISTENTE DE BPO I,1410.0,SINDPPD RS - SINDICATO DOS TRAB. EM PROC. DE DADOS RIO GRANDE DO SUL
35454,,,,Trabalhando,,ASSISTENTE DE BPO I,1410.0,SINDPPD RS - SINDICATO DOS TRAB. EM PROC. DE DADOS RIO GRANDE DO SUL
35506,,,,Trabalhando,,ASSISTENTE DE BPO I,1410.0,SINDPPD RS - SINDICATO DOS TRAB. EM PROC. DE DADOS RIO GRANDE DO SUL
35543,,,,Trabalhando,,ASSISTENTE DE BPO I,1410.0,SINDPPD RS - SINDICATO DOS TRAB. EM PROC. DE DADOS RIO GRANDE DO SUL
35678,,,,Trabalhando,,ASSISTENTE DE BPO I,1410.0,SINDPPD RS - SINDICATO DOS TRAB. EM PROC. DE DADOS RIO GRANDE DO SUL
35349,,,,Trabalhando,,ASSISTENTE DE BPO I,1410.0,SINDPPD RS - SINDICATO DOS TRAB. EM PROC. DE DADOS RIO GRANDE DO SUL
35352,,,,Trabalhando,,ASSISTENTE DE BPO I,1410.0,SINDPPD RS - SINDICATO DOS TRAB. EM PROC. DE DADOS RIO GRANDE DO SUL
35411,,,,Trabalhando,,ASSISTENTE DE BPO I,1410.0,SINDPPD RS - SINDICATO DOS TRAB. EM PROC. DE DADOS RIO GRANDE DO SUL
35412,,,,Trabalhando,,ASSISTENTE DE BPO I,1410.0,SINDPPD RS - SINDICATO DOS TRAB. EM PROC. DE DADOS RIO GRANDE DO SUL
35413,,,,Trabalhando,,ASSISTENTE DE BPO I,1410.0,SINDPPD RS - SINDICATO DOS TRAB. EM PROC. DE DADOS RIO GRANDE DO SUL
35271,,,,Trabalhando,,ASSISTENTE DE BPO I,1410.0,SINDPPD RS - SINDICATO DOS TRAB. EM PROC. DE DADOS RIO GRANDE DO SUL
35273,,,,Trabalhando,,ASSISTENTE DE BPO I,1410.0,SINDPPD RS - SINDICATO DOS TRAB. EM PROC. DE DADOS RIO GRANDE DO SUL
35293,,,,Trabalhando,,ASSISTENTE DE BPO I,1410.0,SINDPPD RS - SINDICATO DOS TRAB. EM PROC. DE DADOS RIO GRANDE DO SUL
35297,,,,Trabalhando,,ASSISTENTE DE BPO I,1410.0,SINDPPD RS - SINDICATO DOS TRAB. EM PROC. DE DADOS RIO GRANDE DO SUL
35326,,,,Trabalhando,,ASSISTENTE DE BPO I,1410.0,SINDPPD RS - SINDICATO DOS TRAB. EM PROC. DE DADOS RIO GRANDE DO SUL
35337,,,,Trabalhando,,ASSISTENTE DE BPO I,1410.0,SINDPPD RS - SINDICATO DOS TRAB. EM PROC. DE DADOS RIO GRANDE DO SUL
35752,,,,Trabalhando,,ASSISTENTE DE BPO I,1410.0,SINDPPD RS - SINDICATO DOS TRAB. EM PROC. DE DADOS RIO GRANDE DO SUL
35772,,,,Trabalhando,,ASSISTENTE DE BPO I,1410.0,SINDPPD RS - SINDICATO DOS TRAB. EM PROC. DE DADOS RIO GRANDE DO SUL
35780,,,,Trabalhando,,ASSISTENTE DE BPO I,1410.0,SINDPPD RS - SINDICATO DOS TRAB. EM PROC. DE DADOS RIO GRANDE DO SUL
35505,,,,Trabalhando,,ASSISTENTE DE BPO I,1410.0,SINDPPD RS - SINDICATO DOS TRAB. EM PROC. DE DADOS RIO GRANDE DO SUL
35508,,,,Trabalhando,,ASSISTENTE DE BPO I,1410.0,SINDPPD RS - SINDICATO DOS TRAB. EM PROC. DE DADOS RIO GRANDE DO SUL
35544,,,,Trabalhando,,ASSISTENTE DE BPO I,1410.0,SINDPPD RS - SINDICATO DOS TRAB. EM PROC. DE DADOS RIO GRANDE DO SUL
35555,,,,Trabalhando,,ASSISTENTE DE BPO I,1410.0,SINDPPD RS - SINDICATO DOS TRAB. EM PROC. DE DADOS RIO GRANDE DO SUL
35686,,,,Trabalhando,,ASSISTENTE DE BPO I,1410.0,SINDPPD RS - SINDICATO DOS TRAB. EM PROC. DE DADOS RIO GRANDE DO SUL
35687,,,,Trabalhando,,ASSISTENTE DE BPO I,1410.0,SINDPPD RS - SINDICATO DOS TRAB. EM PROC. DE DADOS RIO GRANDE DO SUL
35338,,,,Trabalhando,,ASSISTENTE DE BPO I,1410.0,SINDPPD RS - SINDICATO DOS TRAB. EM PROC. DE DADOS RIO GRANDE DO SUL
35428,,,,Trabalhando,,ASSISTENTE DE BPO I,1410.0,SINDPPD RS - SINDICATO DOS TRAB. EM PROC. DE DADOS RIO GRANDE DO SUL
35436,,,,Trabalhando,,ASSISTENTE DE BPO I,1410.0,SINDPPD RS - SINDICATO DOS TRAB. EM PROC. DE DADOS RIO GRANDE DO SUL
35446,,,,Trabalhando,,ASSISTENTE DE BPO I,1410.0,SINDPPD RS - SINDICATO DOS TRAB. EM PROC. DE DADOS RIO GRANDE DO SUL
35452,,,,Trabalhando,,ASSISTENTE DE BPO I,1410.0,SINDPPD RS - SINDICATO DOS TRAB. EM PROC. DE DADOS RIO GRANDE DO SUL
35408,,,,Trabalhando,,ASSISTENTE DE BPO I,1410.0,SINDPPD RS - SINDICATO DOS TRAB. EM PROC. DE DADOS RIO GRANDE DO SUL
35409,,,,Trabalhando,,ASSISTENTE DE BPO I,1410.0,SINDPPD RS - SINDICATO DOS TRAB. EM PROC. DE DADOS RIO GRANDE DO SUL
35430,,,,Trabalhando,,ASSISTENTE DE BPO I,1410.0,SINDPPD RS - SINDICATO DOS TRAB. EM PROC. DE DADOS RIO GRANDE DO SUL
35476,,,,Trabalhando,,ASSISTENTE DE BPO I,1410.0,SINDPPD RS - SINDICATO DOS TRAB. EM PROC. DE DADOS RIO GRANDE DO SUL
35481,,,,Trabalhando,,ASSISTENTE DE BPO I,1410.0,SINDPPD RS - SINDICATO DOS TRAB. EM PROC. DE DADOS RIO GRANDE DO SUL
35758,,,,Trabalhando,,ASSISTENTE DE BPO I,1410.0,SINDPPD RS - SINDICATO DOS TRAB. EM PROC. DE DADOS RIO GRANDE DO SUL
35433,,,,Trabalhando,,ASSISTENTE DE BPO I,1410.0,SINDPPD RS - SINDICATO DOS TRAB. EM PROC. DE DADOS RIO GRANDE DO SUL
35445,,,,Trabalhando,,ASSISTENTE DE BPO I,1410.0,SINDPPD RS - SINDICATO DOS TRAB. EM PROC. DE DADOS RIO GRANDE DO SUL
35447,,,,Trabalhando,,ASSISTENTE DE BPO I,1410.0,SINDPPD RS - SINDICATO DOS TRAB. EM PROC. DE DADOS RIO GRANDE DO SUL
35448,,,,Trabalhando,,ASSISTENTE DE BPO I,1410.0,SINDPPD RS - SINDICATO DOS TRAB. EM PROC. DE DADOS RIO GRANDE DO SUL
35456,,,,Trabalhando,,ASSISTENTE DE BPO I,1410.0,SINDPPD RS - SINDICATO DOS TRAB. EM PROC. DE DADOS RIO GRANDE DO SUL
35457,,,,Trabalhando,,ASSISTENTE DE BPO I,1410.0,SINDPPD RS - SINDICATO DOS TRAB. EM PROC. DE DADOS RIO GRANDE DO SUL
35759,,,,Trabalhando,,ASSISTENTE DE BPO I,1410.0,SINDPPD RS - SINDICATO DOS TRAB. EM PROC. DE DADOS RIO GRANDE DO SUL
25975,,,,Trabalhando,,COORDENADOR DE BPO,1410.0,SINDPPD RS - SINDICATO DOS TRAB. EM PROC. DE DADOS RIO GRANDE DO SUL
31818,,,,Trabalhando,,COORDENADOR DE BPO,1410.0,SINDPPD RS - SINDICATO DOS TRAB. EM PROC. DE DADOS RIO GRANDE DO SUL
32255,,,,Trabalhando,,COORDENADOR DE BPO,1410.0,SINDPPD RS - SINDICATO DOS TRAB. EM PROC. DE DADOS RIO GRANDE DO SUL
31170,,,,Trabalhando,,COORDENADOR DE BPO,1410.0,SINDPPD RS - SINDICATO DOS TRAB. EM PROC. DE DADOS RIO GRANDE DO SUL
30652,,,,Trabalhando,,LIDER DE BPO,1410.0,SINDPPD RS - SINDICATO DOS TRAB. EM PROC. DE DADOS RIO GRANDE DO SUL
31085,,,,Trabalhando,,LIDER DE BPO,1410.0,SINDPPD RS - SINDICATO DOS TRAB. EM PROC. DE DADOS RIO GRANDE DO SUL
33583,,,,Trabalhando,,LIDER DE BPO,1410.0,SINDPPD RS - SINDICATO DOS TRAB. EM PROC. DE DADOS RIO GRANDE DO SUL
30209,,,,Trabalhando,,LIDER DE BPO,1410.0,SINDPPD RS - SINDICATO DOS TRAB. EM PROC. DE DADOS RIO GRANDE DO SUL
33325,,,,Trabalhando,,LIDER DE BPO,1410.0,SINDPPD RS - SINDICATO DOS TRAB. EM PROC. DE DADOS RIO GRANDE DO SUL
33506,,,,Trabalhando,,LIDER DE BPO,1410.0,SINDPPD RS - SINDICATO DOS TRAB. EM PROC. DE DADOS RIO GRANDE DO SUL
29384,,,,Trabalhando,,ASSISTENTE DE BPO II,1410.0,SINDPPD RS - SINDICATO DOS TRAB. EM PROC. DE DADOS RIO GRANDE DO SUL
33386,,,,Trabalhando,,ASSISTENTE DE BPO II,1410.0,SINDPPD RS - SINDICATO DOS TRAB. EM PROC. DE DADOS RIO GRANDE DO SUL
33436,,,,Trabalhando,,ASSISTENTE DE BPO III,1410.0,SINDPPD RS - SINDICATO DOS TRAB. EM PROC. DE DADOS RIO GRANDE DO SUL
32217,,,,Trabalhando,,ASSISTENTE DE BPO I,1410.0,SINDPPD RS - SINDICATO DOS TRAB. EM PROC. DE DADOS RIO GRANDE DO SUL
34639,,,,Trabalhando,,ASSISTENTE DE BPO I,1410.0,SINDPPD RS - SINDICATO DOS TRAB. EM PROC. DE DADOS RIO GRANDE DO SUL
34696,,,,Trabalhando,,ASSISTENTE DE BPO I,1410.0,SINDPPD RS - SINDICATO DOS TRAB. EM PROC. DE DADOS RIO GRANDE DO SUL
34698,,,,Trabalhando,,ASSISTENTE DE BPO I,1410.0,SINDPPD RS - SINDICATO DOS TRAB. EM PROC. DE DADOS RIO GRANDE DO SUL
34699,,,,Trabalhando,,ASSISTENTE DE BPO I,1410.0,SINDPPD RS - SINDICATO DOS TRAB. EM PROC. DE DADOS RIO GRANDE DO SUL
33761,,,,Trabalhando,,LIDER DE BPO,1410.0,SINDPPD RS - SINDICATO DOS TRAB. EM PROC. DE DADOS RIO GRANDE DO SUL
31786,,,,Trabalhando,,ASSISTENTE DE BPO II,1410.0,SINDPPD RS - SINDICATO DOS TRAB. EM PROC. DE DADOS RIO GRANDE DO SUL
31754,,,,Trabalhando,,ASSISTENTE DE BPO III,1410.0,SINDPPD RS - SINDICATO DOS TRAB. EM PROC. DE DADOS RIO GRANDE DO SUL
31793,,,,Trabalhando,,ASSISTENTE DE BPO III,1410.0,SINDPPD RS - SINDICATO DOS TRAB. EM PROC. DE DADOS RIO GRANDE DO SUL
34874,,,,Trabalhando,,ESPECIALISTA DE PRE-VENDAS I,1410.0,SINDPPD RS - SINDICATO DOS TRAB. EM PROC. DE DADOS RIO GRANDE DO SUL
35226,,,,Trabalhando,,ANALISTA DE DADOS II,1410.0,SINDPPD RS - SINDICATO DOS TRAB. EM PROC. DE DADOS RIO GRANDE DO SUL
35120,,,,Trabalhando,,ENGENHEIRO DE DADOS I,1410.0,SINDPPD RS - SINDICATO DOS TRAB. EM PROC. DE DADOS RIO GRANDE DO SUL
34229,,,,Trabalhando,,ENGENHEIRO DE DADOS II,1410.0,SINDPPD RS - SINDICATO DOS TRAB. EM PROC. DE DADOS RIO GRANDE DO SUL
35702,,,,Trabalhando,,AGILE MASTER,1410.0,SINDPPD RS - SINDICATO DOS TRAB. EM PROC. DE DADOS RIO GRANDE DO SUL
35740,,,,Trabalhando,,AGILE MASTER,1410.0,SINDPPD RS - SINDICATO DOS TRAB. EM PROC. DE DADOS RIO GRANDE DO SUL
35727,,,,Trabalhando,,ENGENHEIRO DE DADOS II,1410.0,SINDPPD RS - SINDICATO DOS TRAB. EM PROC. DE DADOS RIO GRANDE DO SUL
33270,,,,Trabalhando,,ENGENHEIRO DE DADOS III,1410.0,SINDPPD RS - SINDICATO DOS TRAB. EM PROC. DE DADOS RIO GRANDE DO SUL
25203,,,,Trabalhando,,GERENTE DE OPERACOES I,1410.0,SINDPPD RS - SINDICATO DOS TRAB. EM PROC. DE DADOS RIO GRANDE DO SUL
33235,,,,Férias,,ANALISTA DE QUALIDADE DE SOFTWARE I,1410.0,SINDPPD RS - SINDICATO DOS TRAB. EM PROC. DE DADOS RIO GRANDE DO SUL
31678,,,,Trabalhando,,DESENVOLVEDOR I,1410.0,SINDPPD RS - SINDICATO DOS TRAB. EM PROC. DE DADOS RIO GRANDE DO SUL
32915,,,,Trabalhando,,ANALISTA DE SUPORTE I,1410.0,SINDPPD RS - SINDICATO DOS TRAB. EM PROC. DE DADOS RIO GRANDE DO SUL
32923,,,,Trabalhando,,ANALISTA DE SUPORTE I,1410.0,SINDPPD RS - SINDICATO DOS TRAB. EM PROC. DE DADOS RIO GRANDE DO SUL
35599,,,,Trabalhando,,TECH RECRUITER II,1410.0,SINDPPD RS - SINDICATO DOS TRAB. EM PROC. DE DADOS RIO GRANDE DO SUL
35718,,,,Trabalhando,,TECH RECRUITER II,1410.0,SINDPPD RS - SINDICATO DOS TRAB. EM PROC. DE DADOS RIO GRANDE DO SUL
32407,,,,Trabalhando,,DESENVOLVEDOR III,1410.0,SINDPPD RS - SINDICATO DOS TRAB. EM PROC. DE DADOS RIO GRANDE DO SUL
32351,,,,Trabalhando,,ASSISTENTE DE BPO I,1410.0,SINDPPD RS - SINDICATO DOS TRAB. EM PROC. DE DADOS RIO GRANDE DO SUL
34442,,,,Trabalhando,,ASSISTENTE DE BPO I,1410.0,SINDPPD RS - SINDICATO DOS TRAB. EM PROC. DE DADOS RIO GRANDE DO SUL
34558,,,,Trabalhando,,ASSISTENTE DE BPO I,1410.0,SINDPPD RS - SINDICATO DOS TRAB. EM PROC. DE DADOS RIO GRANDE DO SUL
31162,,,,Trabalhando,,LIDER DE BPO,1410.0,SINDPPD RS - SINDICATO DOS TRAB. EM PROC. DE DADOS RIO GRANDE DO SUL
34546,,,,Trabalhando,,ASSISTENTE DE BPO II,1410.0,SINDPPD RS - SINDICATO DOS TRAB. EM PROC. DE DADOS RIO GRANDE DO SUL
34608,,,,Trabalhando,,ASSISTENTE DE BPO II,1410.0,SINDPPD RS - SINDICATO DOS TRAB. EM PROC. DE DADOS RIO GRANDE DO SUL
33301,,,,Trabalhando,,ASSISTENTE DE BPO III,1410.0,SINDPPD RS - SINDICATO DOS TRAB. EM PROC. DE DADOS RIO GRANDE DO SUL
34010,,,,Trabalhando,,GERENTE DE OPERACOES I,1410.0,SINDPPD RS - SINDICATO DOS TRAB. EM PROC. DE DADOS RIO GRANDE DO SUL
35427,,,,Trabalhando,,PRODUCT OWNER III,1410.0,SINDPPD RS - SINDICATO DOS TRAB. EM PROC. DE DADOS RIO GRANDE DO SUL
35731,,,,Trabalhando,,DESIGNER UX/UI II,1410.0,SINDPPD RS - SINDICATO DOS TRAB. EM PROC. DE DADOS RIO GRANDE DO SUL
35459,,,,Trabalhando,,ANALISTA DE SISTEMAS E NEGOCIOS III,1410.0,SINDPPD RS - SINDICATO DOS TRAB. EM PROC. DE DADOS RIO GRANDE DO SUL
33318,,,,Trabalhando,,ANALISTA DE SUPORTE I,1410.0,SINDPPD RS - SINDICATO DOS TRAB. EM PROC. DE DADOS RIO GRANDE DO SUL
35218,,,,Trabalhando,,ANALISTA DE SUPORTE I,1410.0,SINDPPD RS - SINDICATO DOS TRAB. EM PROC. DE DADOS RIO GRANDE DO SUL
31003,,,,Trabalhando,,ANALISTA DE SUPORTE II,1410.0,SINDPPD RS - SINDICATO DOS TRAB. EM PROC. DE DADOS RIO GRANDE DO SUL
26434,,,,Trabalhando,,ANALISTA ADMINISTRATIVO II,1410.0,SINDPPD RS - SINDICATO DOS TRAB. EM PROC. DE DADOS RIO GRANDE DO SUL
31030,,,,Trabalhando,,DESENVOLVEDOR I,1410.0,SINDPPD RS - SINDICATO DOS TRAB. EM PROC. DE DADOS RIO GRANDE DO SUL
34667,,,,Trabalhando,,DESENVOLVEDOR I,1410.0,SINDPPD RS - SINDICATO DOS TRAB. EM PROC. DE DADOS RIO GRANDE DO SUL
34691,,,,Trabalhando,,DESENVOLVEDOR I,1410.0,SINDPPD RS - SINDICATO DOS TRAB. EM PROC. DE DADOS RIO GRANDE DO SUL
34042,,,,Férias,,ANALISTA DE PROCESSOS III,1410.0,SINDPPD RS - SINDICATO DOS TRAB. EM PROC. DE DADOS RIO GRANDE DO SUL
34302,,,,Trabalhando,,ANALISTA DE QUALIDADE DE SOFTWARE II,1410.0,SINDPPD RS - SINDICATO DOS TRAB. EM PROC. DE DADOS RIO GRANDE DO SUL
35156,,,,Trabalhando,,ANALISTA DE QUALIDADE DE SOFTWARE III,1410.0,SINDPPD RS - SINDICATO DOS TRAB. EM PROC. DE DADOS RIO GRANDE DO SUL
26997,,,,Trabalhando,,ANALISTA DE QUALIDADE DE SOFTWARE III,1410.0,SINDPPD RS - SINDICATO DOS TRAB. EM PROC. DE DADOS RIO GRANDE DO SUL
30187,,,,Trabalhando,,ENTERPRISE AGILE COACH,1410.0,SINDPPD RS - SINDICATO DOS TRAB. EM PROC. DE DADOS RIO GRANDE DO SUL
35697,,,,Trabalhando,,DESENVOLVEDOR III,1410.0,SINDPPD RS - SINDICATO DOS TRAB. EM PROC. DE DADOS RIO GRANDE DO SUL
35706,,,,Trabalhando,,DESENVOLVEDOR III,1410.0,SINDPPD RS - SINDICATO DOS TRAB. EM PROC. DE DADOS RIO GRANDE DO SUL
35732,,,,Trabalhando,,DESENVOLVEDOR III,1410.0,SINDPPD RS - SINDICATO DOS TRAB. EM PROC. DE DADOS RIO GRANDE DO SUL
35786,,,,Trabalhando,,DESENVOLVEDOR III,1410.0,SINDPPD RS - SINDICATO DOS TRAB. EM PROC. DE DADOS RIO GRANDE DO SUL
35652,,,,Trabalhando,,DESENVOLVEDOR III,1410.0,SINDPPD RS - SINDICATO DOS TRAB. EM PROC. DE DADOS RIO GRANDE DO SUL
35667,,,,Trabalhando,,DESENVOLVEDOR III,1410.0,SINDPPD RS - SINDICATO DOS TRAB. EM PROC. DE DADOS RIO GRANDE DO SUL
35747,,,,Trabalhando,,DESENVOLVEDOR III,1410.0,SINDPPD RS - SINDICATO DOS TRAB. EM PROC. DE DADOS RIO GRANDE DO SUL
35403,,,,Trabalhando,,AGILE MASTER,1410.0,SINDPPD RS - SINDICATO DOS TRAB. EM PROC. DE DADOS RIO GRANDE DO SUL
35764,,,,Trabalhando,,ARQUITETO DE SOLUCOES III,1410.0,SINDPPD RS - SINDICATO DOS TRAB. EM PROC. DE DADOS RIO GRANDE DO SUL
35703,,,,Trabalhando,,ANALISTA DE DADOS III,1410.0,SINDPPD RS - SINDICATO DOS TRAB. EM PROC. DE DADOS RIO GRANDE DO SUL
35704,,,,Trabalhando,,ENGENHEIRO DE DADOS ESPECIALISTA II,1410.0,SINDPPD RS - SINDICATO DOS TRAB. EM PROC. DE DADOS RIO GRANDE DO SUL
35684,,,,Trabalhando,,ENGENHEIRO DE DADOS III,1410.0,SINDPPD RS - SINDICATO DOS TRAB. EM PROC. DE DADOS RIO GRANDE DO SUL
32059,,,,Trabalhando,,GERENTE DE PROJETOS I,1410.0,SINDPPD RS - SINDICATO DOS TRAB. EM PROC. DE DADOS RIO GRANDE DO SUL
35656,,,,Trabalhando,,ARQUITETO CORPORATIVO III,1410.0,SINDPPD RS - SINDICATO DOS TRAB. EM PROC. DE DADOS RIO GRANDE DO SUL
35748,,,,Trabalhando,,ARQUITETO DE DADOS II,1410.0,SINDPPD RS - SINDICATO DOS TRAB. EM PROC. DE DADOS RIO GRANDE DO SUL
35094,,,,Trabalhando,,CONSULTOR FUNCIONAL SAP II,1410.0,SINDPPD RS - SINDICATO DOS TRAB. EM PROC. DE DADOS RIO GRANDE DO SUL
26561,,,,Trabalhando,,CONSULTOR FUNCIONAL SAP I,1410.0,SINDPPD RS - SINDICATO DOS TRAB. EM PROC. DE DADOS RIO GRANDE DO SUL
34969,,,,Trabalhando,,DESENVOLVEDOR I,1410.0,SINDPPD RS - SINDICATO DOS TRAB. EM PROC. DE DADOS RIO GRANDE DO SUL
34678,,,,Trabalhando,,ASSISTENTE DE BPO I,1410.0,SINDPPD RS - SINDICATO DOS TRAB. EM PROC. DE DADOS RIO GRANDE DO SUL
35530,,,,Trabalhando,,ASSISTENTE DE BPO I,1410.0,SINDPPD RS - SINDICATO DOS TRAB. EM PROC. DE DADOS RIO GRANDE DO SUL
35535,,,,Trabalhando,,ASSISTENTE DE BPO I,1410.0,SINDPPD RS - SINDICATO DOS TRAB. EM PROC. DE DADOS RIO GRANDE DO SUL
35629,,,,Trabalhando,,ASSISTENTE DE BPO I,1410.0,SINDPPD RS - SINDICATO DOS TRAB. EM PROC. DE DADOS RIO GRANDE DO SUL
35358,,,,Trabalhando,,ASSISTENTE DE BPO I,1410.0,SINDPPD RS - SINDICATO DOS TRAB. EM PROC. DE DADOS RIO GRANDE DO SUL
35373,,,,Trabalhando,,ASSISTENTE DE BPO I,1410.0,SINDPPD RS - SINDICATO DOS TRAB. EM PROC. DE DADOS RIO GRANDE DO SUL
35056,,,,Trabalhando,,ASSISTENTE DE BPO I,1410.0,SINDPPD RS - SINDICATO DOS TRAB. EM PROC. DE DADOS RIO GRANDE DO SUL
35357,,,,Trabalhando,,ASSISTENTE DE BPO I,1410.0,SINDPPD RS - SINDICATO DOS TRAB. EM PROC. DE DADOS RIO GRANDE DO SUL
33420,,,,Férias,,ASSISTENTE DE BPO I,1410.0,SINDPPD RS - SINDICATO DOS TRAB. EM PROC. DE DADOS RIO GRANDE DO SUL
34516,,,,Trabalhando,,ASSISTENTE DE BPO I,1410.0,SINDPPD RS - SINDICATO DOS TRAB. EM PROC. DE DADOS RIO GRANDE DO SUL
35117,,,,Trabalhando,,ASSISTENTE DE BPO I,1410.0,SINDPPD RS - SINDICATO DOS TRAB. EM PROC. DE DADOS RIO GRANDE DO SUL
35189,,,,Trabalhando,,ASSISTENTE DE BPO I,1410.0,SINDPPD RS - SINDICATO DOS TRAB. EM PROC. DE DADOS RIO GRANDE DO SUL
35276,,,,Trabalhando,,ASSISTENTE DE BPO I,1410.0,SINDPPD RS - SINDICATO DOS TRAB. EM PROC. DE DADOS RIO GRANDE DO SUL
35470,,,,Trabalhando,,ASSISTENTE DE BPO I,1410.0,SINDPPD RS - SINDICATO DOS TRAB. EM PROC. DE DADOS RIO GRANDE DO SUL
35695,,,,Trabalhando,,ASSISTENTE DE BPO I,1410.0,SINDPPD RS - SINDICATO DOS TRAB. EM PROC. DE DADOS RIO GRANDE DO SUL
35259,,,,Trabalhando,,ASSISTENTE DE BPO I,1410.0,SINDPPD RS - SINDICATO DOS TRAB. EM PROC. DE DADOS RIO GRANDE DO SUL
35375,,,,Trabalhando,,ASSISTENTE DE BPO I,1410.0,SINDPPD RS - SINDICATO DOS TRAB. EM PROC. DE DADOS RIO GRANDE DO SUL
35568,,,,Trabalhando,,ASSISTENTE DE BPO I,1410.0,SINDPPD RS - SINDICATO DOS TRAB. EM PROC. DE DADOS RIO GRANDE DO SUL
35593,,,,Trabalhando,,ASSISTENTE DE BPO I,1410.0,SINDPPD RS - SINDICATO DOS TRAB. EM PROC. DE DADOS RIO GRANDE DO SUL
35721,,,,Trabalhando,,ASSISTENTE DE BPO I,1410.0,SINDPPD RS - SINDICATO DOS TRAB. EM PROC. DE DADOS RIO GRANDE DO SUL
34823,,,,Trabalhando,,ASSISTENTE DE BPO I,1410.0,SINDPPD RS - SINDICATO DOS TRAB. EM PROC. DE DADOS RIO GRANDE DO SUL
34866,,,,Trabalhando,,ASSISTENTE DE BPO I,1410.0,SINDPPD RS - SINDICATO DOS TRAB. EM PROC. DE DADOS RIO GRANDE DO SUL
34933,,,,Trabalhando,,ASSISTENTE DE BPO I,1410.0,SINDPPD RS - SINDICATO DOS TRAB. EM PROC. DE DADOS RIO GRANDE DO SUL
35068,,,,Trabalhando,,ASSISTENTE DE BPO I,1410.0,SINDPPD RS - SINDICATO DOS TRAB. EM PROC. DE DADOS RIO GRANDE DO SUL
35083,,,,Trabalhando,,ASSISTENTE DE BPO I,1410.0,SINDPPD RS - SINDICATO DOS TRAB. EM PROC. DE DADOS RIO GRANDE DO SUL
34638,,,,Trabalhando,,ASSISTENTE DE BPO I,1410.0,SINDPPD RS - SINDICATO DOS TRAB. EM PROC. DE DADOS RIO GRANDE DO SUL
34658,,,,Trabalhando,,ASSISTENTE DE BPO I,1410.0,SINDPPD RS - SINDICATO DOS TRAB. EM PROC. DE DADOS RIO GRANDE DO SUL
34723,,,,Trabalhando,,ASSISTENTE DE BPO I,1410.0,SINDPPD RS - SINDICATO DOS TRAB. EM PROC. DE DADOS RIO GRANDE DO SUL
34369,,,,Trabalhando,,ASSISTENTE DE BPO I,1410.0,SINDPPD RS - SINDICATO DOS TRAB. EM PROC. DE DADOS RIO GRANDE DO SUL
34578,,,,Trabalhando,,ASSISTENTE DE BPO I,1410.0,SINDPPD RS - SINDICATO DOS TRAB. EM PROC. DE DADOS RIO GRANDE DO SUL
34288,,,,Trabalhando,,ASSISTENTE DE BPO I,1410.0,SINDPPD RS - SINDICATO DOS TRAB. EM PROC. DE DADOS RIO GRANDE DO SUL
34304,,,,Trabalhando,,ASSISTENTE DE BPO I,1410.0,SINDPPD RS - SINDICATO DOS TRAB. EM PROC. DE DADOS RIO GRANDE DO SUL
34307,,,,Trabalhando,,ASSISTENTE DE BPO I,1410.0,SINDPPD RS - SINDICATO DOS TRAB. EM PROC. DE DADOS RIO GRANDE DO SUL
34326,,,,Trabalhando,,ASSISTENTE DE BPO I,1410.0,SINDPPD RS - SINDICATO DOS TRAB. EM PROC. DE DADOS RIO GRANDE DO SUL
34329,,,,Trabalhando,,ASSISTENTE DE BPO I,1410.0,SINDPPD RS - SINDICATO DOS TRAB. EM PROC. DE DADOS RIO GRANDE DO SUL
33548,,,,Trabalhando,,ASSISTENTE DE BPO I,1410.0,SINDPPD RS - SINDICATO DOS TRAB. EM PROC. DE DADOS RIO GRANDE DO SUL
33902,,,,Trabalhando,,ASSISTENTE DE BPO I,1410.0,SINDPPD RS - SINDICATO DOS TRAB. EM PROC. DE DADOS RIO GRANDE DO SUL
33951,,,,Trabalhando,,ASSISTENTE DE BPO I,1410.0,SINDPPD RS - SINDICATO DOS TRAB. EM PROC. DE DADOS RIO GRANDE DO SUL
34671,,,,Trabalhando,,LIDER DE BPO,1410.0,SINDPPD RS - SINDICATO DOS TRAB. EM PROC. DE DADOS RIO GRANDE DO SUL
27154,,,,Trabalhando,,LIDER DE BPO,1410.0,SINDPPD RS - SINDICATO DOS TRAB. EM PROC. DE DADOS RIO GRANDE DO SUL
32701,,,,Trabalhando,,LIDER DE BPO,1410.0,SINDPPD RS - SINDICATO DOS TRAB. EM PROC. DE DADOS RIO GRANDE DO SUL
33424,,,,Trabalhando,,LIDER DE BPO,1410.0,SINDPPD RS - SINDICATO DOS TRAB. EM PROC. DE DADOS RIO GRANDE DO SUL
32482,,,,Trabalhando,,LIDER DE BPO,1410.0,SINDPPD RS - SINDICATO DOS TRAB. EM PROC. DE DADOS RIO GRANDE DO SUL
32528,,,,Trabalhando,,LIDER DE BPO,1410.0,SINDPPD RS - SINDICATO DOS TRAB. EM PROC. DE DADOS RIO GRANDE DO SUL
32752,,,,Trabalhando,,LIDER DE BPO,1410.0,SINDPPD RS - SINDICATO DOS TRAB. EM PROC. DE DADOS RIO GRANDE DO SUL
34663,,,,Trabalhando,,ASSISTENTE DE BPO II,1410.0,SINDPPD RS - SINDICATO DOS TRAB. EM PROC. DE DADOS RIO GRANDE DO SUL
34666,,,,Trabalhando,,ASSISTENTE DE BPO II,1410.0,SINDPPD RS - SINDICATO DOS TRAB. EM PROC. DE DADOS RIO GRANDE DO SUL
34677,,,,Trabalhando,,ASSISTENTE DE BPO II,1410.0,SINDPPD RS - SINDICATO DOS TRAB. EM PROC. DE DADOS RIO GRANDE DO SUL
32508,,,,Trabalhando,,ASSISTENTE DE BPO II,1410.0,SINDPPD RS - SINDICATO DOS TRAB. EM PROC. DE DADOS RIO GRANDE DO SUL
33165,,,,Trabalhando,,ASSISTENTE DE BPO II,1410.0,SINDPPD RS - SINDICATO DOS TRAB. EM PROC. DE DADOS RIO GRANDE DO SUL
33545,,,,Trabalhando,,ASSISTENTE DE BPO II,1410.0,SINDPPD RS - SINDICATO DOS TRAB. EM PROC. DE DADOS RIO GRANDE DO SUL
34292,,,,Trabalhando,,ASSISTENTE DE BPO II,1410.0,SINDPPD RS - SINDICATO DOS TRAB. EM PROC. DE DADOS RIO GRANDE DO SUL
34719,,,,Trabalhando,,ASSISTENTE DE BPO II,1410.0,SINDPPD RS - SINDICATO DOS TRAB. EM PROC. DE DADOS RIO GRANDE DO SUL
29155,,,,Trabalhando,,ASSISTENTE DE BPO II,1410.0,SINDPPD RS - SINDICATO DOS TRAB. EM PROC. DE DADOS RIO GRANDE DO SUL
30466,,,,Trabalhando,,ASSISTENTE DE BPO II,1410.0,SINDPPD RS - SINDICATO DOS TRAB. EM PROC. DE DADOS RIO GRANDE DO SUL
31190,,,,Férias,,ASSISTENTE DE BPO II,1410.0,SINDPPD RS - SINDICATO DOS TRAB. EM PROC. DE DADOS RIO GRANDE DO SUL
31208,,,,Férias,,ASSISTENTE DE BPO II,1410.0,SINDPPD RS - SINDICATO DOS TRAB. EM PROC. DE DADOS RIO GRANDE DO SUL
31715,,,,Trabalhando,,ASSISTENTE DE BPO II,1410.0,SINDPPD RS - SINDICATO DOS TRAB. EM PROC. DE DADOS RIO GRANDE DO SUL
32532,,,,Trabalhando,,ASSISTENTE DE BPO II,1410.0,SINDPPD RS - SINDICATO DOS TRAB. EM PROC. DE DADOS RIO GRANDE DO SUL
33970,,,,Trabalhando,,ASSISTENTE DE BPO II,1410.0,SINDPPD RS - SINDICATO DOS TRAB. EM PROC. DE DADOS RIO GRANDE DO SUL
34265,,,,Trabalhando,,ASSISTENTE DE BPO II,1410.0,SINDPPD RS - SINDICATO DOS TRAB. EM PROC. DE DADOS RIO GRANDE DO SUL
32577,,,,Trabalhando,,ASSISTENTE DE BPO II,1410.0,SINDPPD RS - SINDICATO DOS TRAB. EM PROC. DE DADOS RIO GRANDE DO SUL
33955,,,,Trabalhando,,ASSISTENTE DE BPO II,1410.0,SINDPPD RS - SINDICATO DOS TRAB. EM PROC. DE DADOS RIO GRANDE DO SUL
33967,,,,Trabalhando,,ASSISTENTE DE BPO II,1410.0,SINDPPD RS - SINDICATO DOS TRAB. EM PROC. DE DADOS RIO GRANDE DO SUL
32264,,,,Trabalhando,,ASSISTENTE DE BPO III,1410.0,SINDPPD RS - SINDICATO DOS TRAB. EM PROC. DE DADOS RIO GRANDE DO SUL
32690,,,,Trabalhando,,ASSISTENTE DE BPO III,1410.0,SINDPPD RS - SINDICATO DOS TRAB. EM PROC. DE DADOS RIO GRANDE DO SUL
33524,,,,Trabalhando,,ASSISTENTE DE BPO III,1410.0,SINDPPD RS - SINDICATO DOS TRAB. EM PROC. DE DADOS RIO GRANDE DO SUL
31139,,,,Trabalhando,,DESENVOLVEDOR I,1410.0,SINDPPD RS - SINDICATO DOS TRAB. EM PROC. DE DADOS RIO GRANDE DO SUL
35720,,,,Trabalhando,,DESENVOLVEDOR III,1410.0,SINDPPD RS - SINDICATO DOS TRAB. EM PROC. DE DADOS RIO GRANDE DO SUL
26497,,,,Trabalhando,,AGILE COACH I,1410.0,SINDPPD RS - SINDICATO DOS TRAB. EM PROC. DE DADOS RIO GRANDE DO SUL
34851,,,,Trabalhando,,AGILE MASTER,1410.0,SINDPPD RS - SINDICATO DOS TRAB. EM PROC. DE DADOS RIO GRANDE DO SUL
35521,,,,Trabalhando,,DESIGNER UX/UI II,1410.0,SINDPPD RS - SINDICATO DOS TRAB. EM PROC. DE DADOS RIO GRANDE DO SUL
35563,,,,Trabalhando,,DESIGNER UX/UI II,1410.0,SINDPPD RS - SINDICATO DOS TRAB. EM PROC. DE DADOS RIO GRANDE DO SUL
28849,,,,Trabalhando,,DESENVOLVEDOR III,1410.0,SINDPPD RS - SINDICATO DOS TRAB. EM PROC. DE DADOS RIO GRANDE DO SUL
33669,,,,Trabalhando,,ANALISTA DE QUALIDADE DE SOFTWARE II,1410.0,SINDPPD RS - SINDICATO DOS TRAB. EM PROC. DE DADOS RIO GRANDE DO SUL
31385,,,,Trabalhando,,ARQUITETO DE SOFTWARE III,1410.0,SINDPPD RS - SINDICATO DOS TRAB. EM PROC. DE DADOS RIO GRANDE DO SUL
31407,,,,Trabalhando,,DESENVOLVEDOR II,1410.0,SINDPPD RS - SINDICATO DOS TRAB. EM PROC. DE DADOS RIO GRANDE DO SUL
33691,,,,Trabalhando,,DESENVOLVEDOR III,1410.0,SINDPPD RS - SINDICATO DOS TRAB. EM PROC. DE DADOS RIO GRANDE DO SUL
34855,,,,Trabalhando,,ARQUITETO DE SOLUCOES III,1410.0,SINDPPD RS - SINDICATO DOS TRAB. EM PROC. DE DADOS RIO GRANDE DO SUL
27701,,,,Trabalhando,,DESENVOLVEDOR II,1410.0,SINDPPD RS - SINDICATO DOS TRAB. EM PROC. DE DADOS RIO GRANDE DO SUL
33715,,,,Férias,,ANALISTA DE QUALIDADE DE SOFTWARE I,1410.0,SINDPPD RS - SINDICATO DOS TRAB. EM PROC. DE DADOS RIO GRANDE DO SUL
33391,,,,Trabalhando,,DESENVOLVEDOR I,1410.0,SINDPPD RS - SINDICATO DOS TRAB. EM PROC. DE DADOS RIO GRANDE DO SUL
31035,,,,Trabalhando,,ANALISTA DE PROCESSOS III,1410.0,SINDPPD RS - SINDICATO DOS TRAB. EM PROC. DE DADOS RIO GRANDE DO SUL
25857,,,,Auxílio Doença,,ANALISTA DE CONTROLADORIA III,1410.0,SINDPPD RS - SINDICATO DOS TRAB. EM PROC. DE DADOS RIO GRANDE DO SUL
27041,,,,Trabalhando,,ANALISTA DE PMO II,1410.0,SINDPPD RS - SINDICATO DOS TRAB. EM PROC. DE DADOS RIO GRANDE DO SUL
32552,,,,Trabalhando,,ASSISTENTE DE BPO I,1410.0,SINDPPD RS - SINDICATO DOS TRAB. EM PROC. DE DADOS RIO GRANDE DO SUL
30280,,,,Férias,,LIDER DE BPO,1410.0,SINDPPD RS - SINDICATO DOS TRAB. EM PROC. DE DADOS RIO GRANDE DO SUL
33042,,,,Trabalhando,,ASSISTENTE DE BPO I,1410.0,SINDPPD RS - SINDICATO DOS TRAB. EM PROC. DE DADOS RIO GRANDE DO SUL
34258,,,,Trabalhando,,ASSISTENTE DE BPO I,1410.0,SINDPPD RS - SINDICATO DOS TRAB. EM PROC. DE DADOS RIO GRANDE DO SUL
34633,,,,Trabalhando,,ASSISTENTE DE BPO I,1410.0,SINDPPD RS - SINDICATO DOS TRAB. EM PROC. DE DADOS RIO GRANDE DO SUL
35034,,,,Trabalhando,,ASSISTENTE DE BPO I,1410.0,SINDPPD RS - SINDICATO DOS TRAB. EM PROC. DE DADOS RIO GRANDE DO SUL
35280,,,,Trabalhando,,ASSISTENTE DE BPO I,1410.0,SINDPPD RS - SINDICATO DOS TRAB. EM PROC. DE DADOS RIO GRANDE DO SUL
35380,,,,Trabalhando,,ASSISTENTE DE BPO I,1410.0,SINDPPD RS - SINDICATO DOS TRAB. EM PROC. DE DADOS RIO GRANDE DO SUL
35397,,,,Trabalhando,,ASSISTENTE DE BPO I,1410.0,SINDPPD RS - SINDICATO DOS TRAB. EM PROC. DE DADOS RIO GRANDE DO SUL
35477,,,,Trabalhando,,ASSISTENTE DE BPO I,1410.0,SINDPPD RS - SINDICATO DOS TRAB. EM PROC. DE DADOS RIO GRANDE DO SUL
35649,,,,Trabalhando,,ASSISTENTE DE BPO I,1410.0,SINDPPD RS - SINDICATO DOS TRAB. EM PROC. DE DADOS RIO GRANDE DO SUL
35650,,,,Trabalhando,,ASSISTENTE DE BPO I,1410.0,SINDPPD RS - SINDICATO DOS TRAB. EM PROC. DE DADOS RIO GRANDE DO SUL
33637,,,,Trabalhando,,LIDER DE BPO,1410.0,SINDPPD RS - SINDICATO DOS TRAB. EM PROC. DE DADOS RIO GRANDE DO SUL
32539,,,,Trabalhando,,ASSISTENTE DE BPO II,1410.0,SINDPPD RS - SINDICATO DOS TRAB. EM PROC. DE DADOS RIO GRANDE DO SUL
34444,,,,Férias,,ASSISTENTE DE BPO II,1410.0,SINDPPD RS - SINDICATO DOS TRAB. EM PROC. DE DADOS RIO GRANDE DO SUL
26705,,,,Trabalhando,,DESENVOLVEDOR III,1410.0,SINDPPD RS - SINDICATO DOS TRAB. EM PROC. DE DADOS RIO GRANDE DO SUL
27088,,,,Trabalhando,,DESENVOLVEDOR III,1410.0,SINDPPD RS - SINDICATO DOS TRAB. EM PROC. DE DADOS RIO GRANDE DO SUL
29043,,,,Trabalhando,,ANALISTA DEVSECOPS III,1410.0,SINDPPD RS - SINDICATO DOS TRAB. EM PROC. DE DADOS RIO GRANDE DO SUL
31326,,,,Licença Maternidade,,ANALISTA DE QUALIDADE DE SOFTWARE III,1410.0,SINDPPD RS - SINDICATO DOS TRAB. EM PROC. DE DADOS RIO GRANDE DO SUL
26681,,,,Trabalhando,,ANALISTA DE SUPORTE II,1410.0,SINDPPD RS - SINDICATO DOS TRAB. EM PROC. DE DADOS RIO GRANDE DO SUL
31071,,,,Trabalhando,,ANALISTA DE SUPORTE II,1410.0,SINDPPD RS - SINDICATO DOS TRAB. EM PROC. DE DADOS RIO GRANDE DO SUL
29359,,,,Trabalhando,,ANALISTA DE SUPORTE III,1410.0,SINDPPD RS - SINDICATO DOS TRAB. EM PROC. DE DADOS RIO GRANDE DO SUL
31010,,,,Trabalhando,,AGILE COACH I,1410.0,SINDPPD RS - SINDICATO DOS TRAB. EM PROC. DE DADOS RIO GRANDE DO SUL
31143,,,,Trabalhando,,LIDER DE BPO,1410.0,SINDPPD RS - SINDICATO DOS TRAB. EM PROC. DE DADOS RIO GRANDE DO SUL
32930,,,,Licença Maternidade,,ASSISTENTE DE BPO II,1410.0,SINDPPD RS - SINDICATO DOS TRAB. EM PROC. DE DADOS RIO GRANDE DO SUL
33679,,,,Trabalhando,,ANALISTA DE QUALIDADE DE SOFTWARE II,1410.0,SINDPPD RS - SINDICATO DOS TRAB. EM PROC. DE DADOS RIO GRANDE DO SUL
27243,,,,Trabalhando,,ANALISTA DE SUPORTE II,1410.0,SINDPPD RS - SINDICATO DOS TRAB. EM PROC. DE DADOS RIO GRANDE DO SUL
29058,,,,Férias,,ANALISTA DE SUPORTE II,1410.0,SINDPPD RS - SINDICATO DOS TRAB. EM PROC. DE DADOS RIO GRANDE DO SUL
26183,,,,Trabalhando,,COORDENADOR DE OPERACOES I,1410.0,SINDPPD RS - SINDICATO DOS TRAB. EM PROC. DE DADOS RIO GRANDE DO SUL
35241,,,,Trabalhando,,DESENVOLVEDOR II,1410.0,SINDPPD RS - SINDICATO DOS TRAB. EM PROC. DE DADOS RIO GRANDE DO SUL
35623,,,,Trabalhando,,DESENVOLVEDOR II,1410.0,SINDPPD RS - SINDICATO DOS TRAB. EM PROC. DE DADOS RIO GRANDE DO SUL
33611,,,,Trabalhando,,DESENVOLVEDOR III,1410.0,SINDPPD RS - SINDICATO DOS TRAB. EM PROC. DE DADOS RIO GRANDE DO SUL
33628,,,,Férias,,DESENVOLVEDOR III,1410.0,SINDPPD RS - SINDICATO DOS TRAB. EM PROC. DE DADOS RIO GRANDE DO SUL
35580,,,,Trabalhando,,DESENVOLVEDOR III,1410.0,SINDPPD RS - SINDICATO DOS TRAB. EM PROC. DE DADOS RIO GRANDE DO SUL
35729,,,,Trabalhando,,DESENVOLVEDOR III,1410.0,SINDPPD RS - SINDICATO DOS TRAB. EM PROC. DE DADOS RIO GRANDE DO SUL
33603,,,,Trabalhando,,DESENVOLVEDOR III,1410.0,SINDPPD RS - SINDICATO DOS TRAB. EM PROC. DE DADOS RIO GRANDE DO SUL
33620,,,,Trabalhando,,DESENVOLVEDOR III,1410.0,SINDPPD RS - SINDICATO DOS TRAB. EM PROC. DE DADOS RIO GRANDE DO SUL
33718,,,,Trabalhando,,DESENVOLVEDOR III,1410.0,SINDPPD RS - SINDICATO DOS TRAB. EM PROC. DE DADOS RIO GRANDE DO SUL
25163,,,,Trabalhando,,COORDENADOR DE BPO,1410.0,SINDPPD RS - SINDICATO DOS TRAB. EM PROC. DE DADOS RIO GRANDE DO SUL
25579,,,,Trabalhando,,COORDENADOR DE BPO,1410.0,SINDPPD RS - SINDICATO DOS TRAB. EM PROC. DE DADOS RIO GRANDE DO SUL
32497,,,,Trabalhando,,ANALISTA ADMINISTRATIVO II,1410.0,SINDPPD RS - SINDICATO DOS TRAB. EM PROC. DE DADOS RIO GRANDE DO SUL
35420,,,,Trabalhando,,ASSISTENTE DE BPO I,1410.0,SINDPPD RS - SINDICATO DOS TRAB. EM PROC. DE DADOS RIO GRANDE DO SUL
35570,,,,Trabalhando,,ASSISTENTE DE BPO I,1410.0,SINDPPD RS - SINDICATO DOS TRAB. EM PROC. DE DADOS RIO GRANDE DO SUL
35604,,,,Trabalhando,,ASSISTENTE DE BPO I,1410.0,SINDPPD RS - SINDICATO DOS TRAB. EM PROC. DE DADOS RIO GRANDE DO SUL
35670,,,,Trabalhando,,ASSISTENTE DE BPO I,1410.0,SINDPPD RS - SINDICATO DOS TRAB. EM PROC. DE DADOS RIO GRANDE DO SUL
34615,,,,Trabalhando,,ASSISTENTE DE BPO I,1410.0,SINDPPD RS - SINDICATO DOS TRAB. EM PROC. DE DADOS RIO GRANDE DO SUL
35097,,,,Trabalhando,,ASSISTENTE DE BPO I,1410.0,SINDPPD RS - SINDICATO DOS TRAB. EM PROC. DE DADOS RIO GRANDE DO SUL
35647,,,,Trabalhando,,ASSISTENTE DE BPO I,1410.0,SINDPPD RS - SINDICATO DOS TRAB. EM PROC. DE DADOS RIO GRANDE DO SUL
35783,,,,Trabalhando,,ASSISTENTE DE BPO I,1410.0,SINDPPD RS - SINDICATO DOS TRAB. EM PROC. DE DADOS RIO GRANDE DO SUL
34685,,,,Trabalhando,,ASSISTENTE DE BPO I,1410.0,SINDPPD RS - SINDICATO DOS TRAB. EM PROC. DE DADOS RIO GRANDE DO SUL
34655,,,,Trabalhando,,ASSISTENTE DE BPO I,1410.0,SINDPPD RS - SINDICATO DOS TRAB. EM PROC. DE DADOS RIO GRANDE DO SUL
34722,,,,Trabalhando,,ASSISTENTE DE BPO I,1410.0,SINDPPD RS - SINDICATO DOS TRAB. EM PROC. DE DADOS RIO GRANDE DO SUL
35098,,,,Trabalhando,,ASSISTENTE DE BPO I,1410.0,SINDPPD RS - SINDICATO DOS TRAB. EM PROC. DE DADOS RIO GRANDE DO SUL
35232,,,,Trabalhando,,ASSISTENTE DE BPO I,1410.0,SINDPPD RS - SINDICATO DOS TRAB. EM PROC. DE DADOS RIO GRANDE DO SUL
35247,,,,Trabalhando,,ASSISTENTE DE BPO I,1410.0,SINDPPD RS - SINDICATO DOS TRAB. EM PROC. DE DADOS RIO GRANDE DO SUL
35378,,,,Trabalhando,,ASSISTENTE DE BPO I,1410.0,SINDPPD RS - SINDICATO DOS TRAB. EM PROC. DE DADOS RIO GRANDE DO SUL
35424,,,,Trabalhando,,ASSISTENTE DE BPO I,1410.0,SINDPPD RS - SINDICATO DOS TRAB. EM PROC. DE DADOS RIO GRANDE DO SUL
35480,,,,Trabalhando,,ASSISTENTE DE BPO I,1410.0,SINDPPD RS - SINDICATO DOS TRAB. EM PROC. DE DADOS RIO GRANDE DO SUL
35483,,,,Trabalhando,,ASSISTENTE DE BPO I,1410.0,SINDPPD RS - SINDICATO DOS TRAB. EM PROC. DE DADOS RIO GRANDE DO SUL
35630,,,,Trabalhando,,ASSISTENTE DE BPO I,1410.0,SINDPPD RS - SINDICATO DOS TRAB. EM PROC. DE DADOS RIO GRANDE DO SUL
35661,,,,Trabalhando,,ASSISTENTE DE BPO I,1410.0,SINDPPD RS - SINDICATO DOS TRAB. EM PROC. DE DADOS RIO GRANDE DO SUL
35501,,,,Trabalhando,,ASSISTENTE DE BPO I,1410.0,SINDPPD RS - SINDICATO DOS TRAB. EM PROC. DE DADOS RIO GRANDE DO SUL
35559,,,,Trabalhando,,ASSISTENTE DE BPO I,1410.0,SINDPPD RS - SINDICATO DOS TRAB. EM PROC. DE DADOS RIO GRANDE DO SUL
35726,,,,Trabalhando,,ASSISTENTE DE BPO I,1410.0,SINDPPD RS - SINDICATO DOS TRAB. EM PROC. DE DADOS RIO GRANDE DO SUL
35574,,,,Trabalhando,,ASSISTENTE DE BPO I,1410.0,SINDPPD RS - SINDICATO DOS TRAB. EM PROC. DE DADOS RIO GRANDE DO SUL
35668,,,,Trabalhando,,ASSISTENTE DE BPO I,1410.0,SINDPPD RS - SINDICATO DOS TRAB. EM PROC. DE DADOS RIO GRANDE DO SUL
35669,,,,Trabalhando,,ASSISTENTE DE BPO I,1410.0,SINDPPD RS - SINDICATO DOS TRAB. EM PROC. DE DADOS RIO GRANDE DO SUL
35713,,,,Trabalhando,,ASSISTENTE DE BPO I,1410.0,SINDPPD RS - SINDICATO DOS TRAB. EM PROC. DE DADOS RIO GRANDE DO SUL
35722,,,,Trabalhando,,ASSISTENTE DE BPO I,1410.0,SINDPPD RS - SINDICATO DOS TRAB. EM PROC. DE DADOS RIO GRANDE DO SUL
35723,,,,Trabalhando,,ASSISTENTE DE BPO I,1410.0,SINDPPD RS - SINDICATO DOS TRAB. EM PROC. DE DADOS RIO GRANDE DO SUL
35724,,,,Trabalhando,,ASSISTENTE DE BPO I,1410.0,SINDPPD RS - SINDICATO DOS TRAB. EM PROC. DE DADOS RIO GRANDE DO SUL
35573,,,,Trabalhando,,ASSISTENTE DE BPO I,1410.0,SINDPPD RS - SINDICATO DOS TRAB. EM PROC. DE DADOS RIO GRANDE DO SUL
35579,,,,Trabalhando,,ASSISTENTE DE BPO I,1410.0,SINDPPD RS - SINDICATO DOS TRAB. EM PROC. DE DADOS RIO GRANDE DO SUL
35621,,,,Trabalhando,,ASSISTENTE DE BPO I,1410.0,SINDPPD RS - SINDICATO DOS TRAB. EM PROC. DE DADOS RIO GRANDE DO SUL
26055,,,,Trabalhando,,GERENTE DE OPERACOES I,1410.0,SINDPPD RS - SINDICATO DOS TRAB. EM PROC. DE DADOS RIO GRANDE DO SUL
35791,,,,Trabalhando,,ANALISTA DE PMO II,1410.0,SINDPPD RS - SINDICATO DOS TRAB. EM PROC. DE DADOS RIO GRANDE DO SUL
24472,,,,Trabalhando,,DELIVERY MANAGER,1410.0,SINDPPD RS - SINDICATO DOS TRAB. EM PROC. DE DADOS RIO GRANDE DO SUL
31959,,,,Trabalhando,,ASSISTENTE DE PMO,1410.0,SINDPPD RS - SINDICATO DOS TRAB. EM PROC. DE DADOS RIO GRANDE DO SUL
33997,,,,Trabalhando,,ESPECIALISTA DE PRE-VENDAS I,1410.0,SINDPPD RS - SINDICATO DOS TRAB. EM PROC. DE DADOS RIO GRANDE DO SUL
35164,,,,Trabalhando,,CONSULTOR TECNICO SAP I,1410.0,SINDPPD RS - SINDICATO DOS TRAB. EM PROC. DE DADOS RIO GRANDE DO SUL
30515,,,,Licença Maternidade,,ASSISTENTE DE BPO I,1410.0,SINDPPD RS - SINDICATO DOS TRAB. EM PROC. DE DADOS RIO GRANDE DO SUL
33191,,,,Trabalhando,,ASSISTENTE DE BPO I,1410.0,SINDPPD RS - SINDICATO DOS TRAB. EM PROC. DE DADOS RIO GRANDE DO SUL
34748,,,,Trabalhando,,ASSISTENTE DE BPO I,1410.0,SINDPPD RS - SINDICATO DOS TRAB. EM PROC. DE DADOS RIO GRANDE DO SUL
35009,,,,Trabalhando,,ASSISTENTE DE BPO I,1410.0,SINDPPD RS - SINDICATO DOS TRAB. EM PROC. DE DADOS RIO GRANDE DO SUL
35063,,,,Trabalhando,,ASSISTENTE DE BPO I,1410.0,SINDPPD RS - SINDICATO DOS TRAB. EM PROC. DE DADOS RIO GRANDE DO SUL
33795,,,,Férias,,ASSISTENTE DE BPO I,1410.0,SINDPPD RS - SINDICATO DOS TRAB. EM PROC. DE DADOS RIO GRANDE DO SUL
34011,,,,Trabalhando,,ASSISTENTE DE BPO I,1410.0,SINDPPD RS - SINDICATO DOS TRAB. EM PROC. DE DADOS RIO GRANDE DO SUL
34343,,,,Trabalhando,,ASSISTENTE DE BPO I,1410.0,SINDPPD RS - SINDICATO DOS TRAB. EM PROC. DE DADOS RIO GRANDE DO SUL
34352,,,,Trabalhando,,ASSISTENTE DE BPO I,1410.0,SINDPPD RS - SINDICATO DOS TRAB. EM PROC. DE DADOS RIO GRANDE DO SUL
34552,,,,Trabalhando,,ASSISTENTE DE BPO I,1410.0,SINDPPD RS - SINDICATO DOS TRAB. EM PROC. DE DADOS RIO GRANDE DO SUL
29124,,,,Trabalhando,,ASSISTENTE DE BPO I,1410.0,SINDPPD RS - SINDICATO DOS TRAB. EM PROC. DE DADOS RIO GRANDE DO SUL
31404,,,,Trabalhando,,ASSISTENTE DE BPO I,1410.0,SINDPPD RS - SINDICATO DOS TRAB. EM PROC. DE DADOS RIO GRANDE DO SUL
33328,,,,Trabalhando,,ASSISTENTE DE BPO I,1410.0,SINDPPD RS - SINDICATO DOS TRAB. EM PROC. DE DADOS RIO GRANDE DO SUL
33405,,,,Trabalhando,,ASSISTENTE DE BPO I,1410.0,SINDPPD RS - SINDICATO DOS TRAB. EM PROC. DE DADOS RIO GRANDE DO SUL
35131,,,,Trabalhando,,ASSISTENTE DE BPO I,1410.0,SINDPPD RS - SINDICATO DOS TRAB. EM PROC. DE DADOS RIO GRANDE DO SUL
34659,,,,Trabalhando,,ASSISTENTE DE BPO I,1410.0,SINDPPD RS - SINDICATO DOS TRAB. EM PROC. DE DADOS RIO GRANDE DO SUL
34675,,,,Trabalhando,,ASSISTENTE DE BPO I,1410.0,SINDPPD RS - SINDICATO DOS TRAB. EM PROC. DE DADOS RIO GRANDE DO SUL
34332,,,,Trabalhando,,ASSISTENTE DE BPO I,1410.0,SINDPPD RS - SINDICATO DOS TRAB. EM PROC. DE DADOS RIO GRANDE DO SUL
34333,,,,Trabalhando,,ASSISTENTE DE BPO I,1410.0,SINDPPD RS - SINDICATO DOS TRAB. EM PROC. DE DADOS RIO GRANDE DO SUL
34339,,,,Trabalhando,,ASSISTENTE DE BPO I,1410.0,SINDPPD RS - SINDICATO DOS TRAB. EM PROC. DE DADOS RIO GRANDE DO SUL
34566,,,,Trabalhando,,ASSISTENTE DE BPO I,1410.0,SINDPPD RS - SINDICATO DOS TRAB. EM PROC. DE DADOS RIO GRANDE DO SUL
34005,,,,Trabalhando,,ASSISTENTE DE BPO I,1410.0,SINDPPD RS - SINDICATO DOS TRAB. EM PROC. DE DADOS RIO GRANDE DO SUL
33633,,,,Férias,,ASSISTENTE DE BPO I,1410.0,SINDPPD RS - SINDICATO DOS TRAB. EM PROC. DE DADOS RIO GRANDE DO SUL
33927,,,,Trabalhando,,ASSISTENTE DE BPO I,1410.0,SINDPPD RS - SINDICATO DOS TRAB. EM PROC. DE DADOS RIO GRANDE DO SUL
33965,,,,Trabalhando,,ASSISTENTE DE BPO I,1410.0,SINDPPD RS - SINDICATO DOS TRAB. EM PROC. DE DADOS RIO GRANDE DO SUL
31964,,,,Trabalhando,,ASSISTENTE DE BPO I,1410.0,SINDPPD RS - SINDICATO DOS TRAB. EM PROC. DE DADOS RIO GRANDE DO SUL
33323,,,,Trabalhando,,ASSISTENTE DE BPO I,1410.0,SINDPPD RS - SINDICATO DOS TRAB. EM PROC. DE DADOS RIO GRANDE DO SUL
33448,,,,Trabalhando,,ASSISTENTE DE BPO I,1410.0,SINDPPD RS - SINDICATO DOS TRAB. EM PROC. DE DADOS RIO GRANDE DO SUL
34130,,,,Trabalhando,,ASSISTENTE DE BPO I,1410.0,SINDPPD RS - SINDICATO DOS TRAB. EM PROC. DE DADOS RIO GRANDE DO SUL
34637,,,,Trabalhando,,ASSISTENTE DE BPO I,1410.0,SINDPPD RS - SINDICATO DOS TRAB. EM PROC. DE DADOS RIO GRANDE DO SUL
35167,,,,Trabalhando,,ASSISTENTE DE BPO I,1410.0,SINDPPD RS - SINDICATO DOS TRAB. EM PROC. DE DADOS RIO GRANDE DO SUL
35545,,,,Trabalhando,,ASSISTENTE DE BPO I,1410.0,SINDPPD RS - SINDICATO DOS TRAB. EM PROC. DE DADOS RIO GRANDE DO SUL
35552,,,,Trabalhando,,ASSISTENTE DE BPO I,1410.0,SINDPPD RS - SINDICATO DOS TRAB. EM PROC. DE DADOS RIO GRANDE DO SUL
34351,,,,Trabalhando,,ASSISTENTE DE BPO I,1410.0,SINDPPD RS - SINDICATO DOS TRAB. EM PROC. DE DADOS RIO GRANDE DO SUL
34507,,,,Trabalhando,,ASSISTENTE DE BPO I,1410.0,SINDPPD RS - SINDICATO DOS TRAB. EM PROC. DE DADOS RIO GRANDE DO SUL
34526,,,,Licença Maternidade,,ASSISTENTE DE BPO I,1410.0,SINDPPD RS - SINDICATO DOS TRAB. EM PROC. DE DADOS RIO GRANDE DO SUL
34529,,,,Trabalhando,,ASSISTENTE DE BPO I,1410.0,SINDPPD RS - SINDICATO DOS TRAB. EM PROC. DE DADOS RIO GRANDE DO SUL
34572,,,,Trabalhando,,ASSISTENTE DE BPO I,1410.0,SINDPPD RS - SINDICATO DOS TRAB. EM PROC. DE DADOS RIO GRANDE DO SUL
34630,,,,Trabalhando,,ASSISTENTE DE BPO I,1410.0,SINDPPD RS - SINDICATO DOS TRAB. EM PROC. DE DADOS RIO GRANDE DO SUL
34341,,,,Trabalhando,,ASSISTENTE DE BPO I,1410.0,SINDPPD RS - SINDICATO DOS TRAB. EM PROC. DE DADOS RIO GRANDE DO SUL
34368,,,,Trabalhando,,ASSISTENTE DE BPO I,1410.0,SINDPPD RS - SINDICATO DOS TRAB. EM PROC. DE DADOS RIO GRANDE DO SUL
34910,,,,Trabalhando,,ASSISTENTE DE BPO I,1410.0,SINDPPD RS - SINDICATO DOS TRAB. EM PROC. DE DADOS RIO GRANDE DO SUL
35051,,,,Trabalhando,,ASSISTENTE DE BPO I,1410.0,SINDPPD RS - SINDICATO DOS TRAB. EM PROC. DE DADOS RIO GRANDE DO SUL
35091,,,,Trabalhando,,ASSISTENTE DE BPO I,1410.0,SINDPPD RS - SINDICATO DOS TRAB. EM PROC. DE DADOS RIO GRANDE DO SUL
34357,,,,Licença Maternidade,,ASSISTENTE DE BPO I,1410.0,SINDPPD RS - SINDICATO DOS TRAB. EM PROC. DE DADOS RIO GRANDE DO SUL
34487,,,,Trabalhando,,ASSISTENTE DE BPO I,1410.0,SINDPPD RS - SINDICATO DOS TRAB. EM PROC. DE DADOS RIO GRANDE DO SUL
33550,,,,Trabalhando,,ASSISTENTE DE BPO I,1410.0,SINDPPD RS - SINDICATO DOS TRAB. EM PROC. DE DADOS RIO GRANDE DO SUL
34022,,,,Trabalhando,,ASSISTENTE DE BPO I,1410.0,SINDPPD RS - SINDICATO DOS TRAB. EM PROC. DE DADOS RIO GRANDE DO SUL
34149,,,,Trabalhando,,ASSISTENTE DE BPO I,1410.0,SINDPPD RS - SINDICATO DOS TRAB. EM PROC. DE DADOS RIO GRANDE DO SUL
34303,,,,Trabalhando,,ASSISTENTE DE BPO I,1410.0,SINDPPD RS - SINDICATO DOS TRAB. EM PROC. DE DADOS RIO GRANDE DO SUL
34539,,,,Licença Maternidade,,ASSISTENTE DE BPO I,1410.0,SINDPPD RS - SINDICATO DOS TRAB. EM PROC. DE DADOS RIO GRANDE DO SUL
34567,,,,Trabalhando,,ASSISTENTE DE BPO I,1410.0,SINDPPD RS - SINDICATO DOS TRAB. EM PROC. DE DADOS RIO GRANDE DO SUL
34330,,,,Auxílio Doença,,ASSISTENTE DE BPO I,1410.0,SINDPPD RS - SINDICATO DOS TRAB. EM PROC. DE DADOS RIO GRANDE DO SUL
34657,,,,Trabalhando,,ASSISTENTE DE BPO I,1410.0,SINDPPD RS - SINDICATO DOS TRAB. EM PROC. DE DADOS RIO GRANDE DO SUL
34854,,,,Trabalhando,,ASSISTENTE DE BPO I,1410.0,SINDPPD RS - SINDICATO DOS TRAB. EM PROC. DE DADOS RIO GRANDE DO SUL
34862,,,,Trabalhando,,ASSISTENTE DE BPO I,1410.0,SINDPPD RS - SINDICATO DOS TRAB. EM PROC. DE DADOS RIO GRANDE DO SUL
30504,,,,Trabalhando,,COORDENADOR DE BPO,1410.0,SINDPPD RS - SINDICATO DOS TRAB. EM PROC. DE DADOS RIO GRANDE DO SUL
26463,,,,Férias,,COORDENADOR DE BPO,1410.0,SINDPPD RS - SINDICATO DOS TRAB. EM PROC. DE DADOS RIO GRANDE DO SUL
30997,,,,Trabalhando,,COORDENADOR DE BPO,1410.0,SINDPPD RS - SINDICATO DOS TRAB. EM PROC. DE DADOS RIO GRANDE DO SUL
31256,,,,Trabalhando,,LIDER DE BPO,1410.0,SINDPPD RS - SINDICATO DOS TRAB. EM PROC. DE DADOS RIO GRANDE DO SUL
31333,,,,Férias,,LIDER DE BPO,1410.0,SINDPPD RS - SINDICATO DOS TRAB. EM PROC. DE DADOS RIO GRANDE DO SUL
32479,,,,Trabalhando,,LIDER DE BPO,1410.0,SINDPPD RS - SINDICATO DOS TRAB. EM PROC. DE DADOS RIO GRANDE DO SUL
32709,,,,Trabalhando,,LIDER DE BPO,1410.0,SINDPPD RS - SINDICATO DOS TRAB. EM PROC. DE DADOS RIO GRANDE DO SUL
31846,,,,Trabalhando,,LIDER DE BPO,1410.0,SINDPPD RS - SINDICATO DOS TRAB. EM PROC. DE DADOS RIO GRANDE DO SUL
32434,,,,Trabalhando,,LIDER DE BPO,1410.0,SINDPPD RS - SINDICATO DOS TRAB. EM PROC. DE DADOS RIO GRANDE DO SUL
31554,,,,Trabalhando,,LIDER DE BPO,1410.0,SINDPPD RS - SINDICATO DOS TRAB. EM PROC. DE DADOS RIO GRANDE DO SUL
32786,,,,Trabalhando,,LIDER DE BPO,1410.0,SINDPPD RS - SINDICATO DOS TRAB. EM PROC. DE DADOS RIO GRANDE DO SUL
32938,,,,Trabalhando,,LIDER DE BPO,1410.0,SINDPPD RS - SINDICATO DOS TRAB. EM PROC. DE DADOS RIO GRANDE DO SUL
33016,,,,Trabalhando,,LIDER DE BPO,1410.0,SINDPPD RS - SINDICATO DOS TRAB. EM PROC. DE DADOS RIO GRANDE DO SUL
33132,,,,Férias,,LIDER DE BPO,1410.0,SINDPPD RS - SINDICATO DOS TRAB. EM PROC. DE DADOS RIO GRANDE DO SUL
34057,,,,Trabalhando,,LIDER DE BPO,1410.0,SINDPPD RS - SINDICATO DOS TRAB. EM PROC. DE DADOS RIO GRANDE DO SUL
33810,,,,Trabalhando,,LIDER DE BPO,1410.0,SINDPPD RS - SINDICATO DOS TRAB. EM PROC. DE DADOS RIO GRANDE DO SUL
32473,,,,Férias,,LIDER DE BPO,1410.0,SINDPPD RS - SINDICATO DOS TRAB. EM PROC. DE DADOS RIO GRANDE DO SUL
33107,,,,Trabalhando,,LIDER DE BPO,1410.0,SINDPPD RS - SINDICATO DOS TRAB. EM PROC. DE DADOS RIO GRANDE DO SUL
27113,,,,Trabalhando,,ASSISTENTE DE BPO II,1410.0,SINDPPD RS - SINDICATO DOS TRAB. EM PROC. DE DADOS RIO GRANDE DO SUL
32879,,,,Trabalhando,,ASSISTENTE DE BPO II,1410.0,SINDPPD RS - SINDICATO DOS TRAB. EM PROC. DE DADOS RIO GRANDE DO SUL
33367,,,,Trabalhando,,ASSISTENTE DE BPO II,1410.0,SINDPPD RS - SINDICATO DOS TRAB. EM PROC. DE DADOS RIO GRANDE DO SUL
33403,,,,Trabalhando,,ASSISTENTE DE BPO II,1410.0,SINDPPD RS - SINDICATO DOS TRAB. EM PROC. DE DADOS RIO GRANDE DO SUL
33443,,,,Trabalhando,,ASSISTENTE DE BPO II,1410.0,SINDPPD RS - SINDICATO DOS TRAB. EM PROC. DE DADOS RIO GRANDE DO SUL
33785,,,,Trabalhando,,ASSISTENTE DE BPO II,1410.0,SINDPPD RS - SINDICATO DOS TRAB. EM PROC. DE DADOS RIO GRANDE DO SUL
34299,,,,Trabalhando,,ASSISTENTE DE BPO II,1410.0,SINDPPD RS - SINDICATO DOS TRAB. EM PROC. DE DADOS RIO GRANDE DO SUL
30464,,,,Trabalhando,,ASSISTENTE DE BPO II,1410.0,SINDPPD RS - SINDICATO DOS TRAB. EM PROC. DE DADOS RIO GRANDE DO SUL
31817,,,,Trabalhando,,ASSISTENTE DE BPO II,1410.0,SINDPPD RS - SINDICATO DOS TRAB. EM PROC. DE DADOS RIO GRANDE DO SUL
32789,,,,Trabalhando,,ASSISTENTE DE BPO II,1410.0,SINDPPD RS - SINDICATO DOS TRAB. EM PROC. DE DADOS RIO GRANDE DO SUL
33133,,,,Trabalhando,,ASSISTENTE DE BPO II,1410.0,SINDPPD RS - SINDICATO DOS TRAB. EM PROC. DE DADOS RIO GRANDE DO SUL
33311,,,,Trabalhando,,ASSISTENTE DE BPO II,1410.0,SINDPPD RS - SINDICATO DOS TRAB. EM PROC. DE DADOS RIO GRANDE DO SUL
35173,,,,Trabalhando,,ASSISTENTE DE BPO II,1410.0,SINDPPD RS - SINDICATO DOS TRAB. EM PROC. DE DADOS RIO GRANDE DO SUL
33373,,,,Trabalhando,,ASSISTENTE DE BPO II,1410.0,SINDPPD RS - SINDICATO DOS TRAB. EM PROC. DE DADOS RIO GRANDE DO SUL
33797,,,,Trabalhando,,ASSISTENTE DE BPO II,1410.0,SINDPPD RS - SINDICATO DOS TRAB. EM PROC. DE DADOS RIO GRANDE DO SUL
33901,,,,Trabalhando,,ASSISTENTE DE BPO II,1410.0,SINDPPD RS - SINDICATO DOS TRAB. EM PROC. DE DADOS RIO GRANDE DO SUL
33958,,,,Trabalhando,,ASSISTENTE DE BPO II,1410.0,SINDPPD RS - SINDICATO DOS TRAB. EM PROC. DE DADOS RIO GRANDE DO SUL
34124,,,,Trabalhando,,ASSISTENTE DE BPO II,1410.0,SINDPPD RS - SINDICATO DOS TRAB. EM PROC. DE DADOS RIO GRANDE DO SUL
34308,,,,Trabalhando,,ASSISTENTE DE BPO II,1410.0,SINDPPD RS - SINDICATO DOS TRAB. EM PROC. DE DADOS RIO GRANDE DO SUL
28945,,,,Trabalhando,,ASSISTENTE DE BPO II,1410.0,SINDPPD RS - SINDICATO DOS TRAB. EM PROC. DE DADOS RIO GRANDE DO SUL
30450,,,,Trabalhando,,ASSISTENTE DE BPO II,1410.0,SINDPPD RS - SINDICATO DOS TRAB. EM PROC. DE DADOS RIO GRANDE DO SUL
31249,,,,Trabalhando,,ASSISTENTE DE BPO II,1410.0,SINDPPD RS - SINDICATO DOS TRAB. EM PROC. DE DADOS RIO GRANDE DO SUL
32783,,,,Trabalhando,,ASSISTENTE DE BPO II,1410.0,SINDPPD RS - SINDICATO DOS TRAB. EM PROC. DE DADOS RIO GRANDE DO SUL
33017,,,,Trabalhando,,ASSISTENTE DE BPO II,1410.0,SINDPPD RS - SINDICATO DOS TRAB. EM PROC. DE DADOS RIO GRANDE DO SUL
33260,,,,Trabalhando,,ASSISTENTE DE BPO II,1410.0,SINDPPD RS - SINDICATO DOS TRAB. EM PROC. DE DADOS RIO GRANDE DO SUL
33552,,,,Trabalhando,,ASSISTENTE DE BPO II,1410.0,SINDPPD RS - SINDICATO DOS TRAB. EM PROC. DE DADOS RIO GRANDE DO SUL
33904,,,,Trabalhando,,ASSISTENTE DE BPO II,1410.0,SINDPPD RS - SINDICATO DOS TRAB. EM PROC. DE DADOS RIO GRANDE DO SUL
30092,,,,Trabalhando,,ASSISTENTE DE BPO II,1410.0,SINDPPD RS - SINDICATO DOS TRAB. EM PROC. DE DADOS RIO GRANDE DO SUL
30386,,,,Trabalhando,,ASSISTENTE DE BPO II,1410.0,SINDPPD RS - SINDICATO DOS TRAB. EM PROC. DE DADOS RIO GRANDE DO SUL
30736,,,,Trabalhando,,ASSISTENTE DE BPO II,1410.0,SINDPPD RS - SINDICATO DOS TRAB. EM PROC. DE DADOS RIO GRANDE DO SUL
33698,,,,Trabalhando,,ASSISTENTE DE BPO II,1410.0,SINDPPD RS - SINDICATO DOS TRAB. EM PROC. DE DADOS RIO GRANDE DO SUL
33976,,,,Trabalhando,,ASSISTENTE DE BPO II,1410.0,SINDPPD RS - SINDICATO DOS TRAB. EM PROC. DE DADOS RIO GRANDE DO SUL
34318,,,,Trabalhando,,ASSISTENTE DE BPO II,1410.0,SINDPPD RS - SINDICATO DOS TRAB. EM PROC. DE DADOS RIO GRANDE DO SUL
34334,,,,Trabalhando,,ASSISTENTE DE BPO II,1410.0,SINDPPD RS - SINDICATO DOS TRAB. EM PROC. DE DADOS RIO GRANDE DO SUL
34483,,,,Trabalhando,,ASSISTENTE DE BPO II,1410.0,SINDPPD RS - SINDICATO DOS TRAB. EM PROC. DE DADOS RIO GRANDE DO SUL
33220,,,,Trabalhando,,ASSISTENTE DE BPO II,1410.0,SINDPPD RS - SINDICATO DOS TRAB. EM PROC. DE DADOS RIO GRANDE DO SUL
33640,,,,Trabalhando,,ASSISTENTE DE BPO II,1410.0,SINDPPD RS - SINDICATO DOS TRAB. EM PROC. DE DADOS RIO GRANDE DO SUL
34293,,,,Trabalhando,,ASSISTENTE DE BPO II,1410.0,SINDPPD RS - SINDICATO DOS TRAB. EM PROC. DE DADOS RIO GRANDE DO SUL
34474,,,,Trabalhando,,ASSISTENTE DE BPO II,1410.0,SINDPPD RS - SINDICATO DOS TRAB. EM PROC. DE DADOS RIO GRANDE DO SUL
33573,,,,Trabalhando,,ASSISTENTE DE BPO II,1410.0,SINDPPD RS - SINDICATO DOS TRAB. EM PROC. DE DADOS RIO GRANDE DO SUL
33787,,,,Trabalhando,,ASSISTENTE DE BPO II,1410.0,SINDPPD RS - SINDICATO DOS TRAB. EM PROC. DE DADOS RIO GRANDE DO SUL
34134,,,,Trabalhando,,ASSISTENTE DE BPO II,1410.0,SINDPPD RS - SINDICATO DOS TRAB. EM PROC. DE DADOS RIO GRANDE DO SUL
34264,,,,Trabalhando,,ASSISTENTE DE BPO II,1410.0,SINDPPD RS - SINDICATO DOS TRAB. EM PROC. DE DADOS RIO GRANDE DO SUL
30620,,,,Trabalhando,,ASSISTENTE DE BPO III,1410.0,SINDPPD RS - SINDICATO DOS TRAB. EM PROC. DE DADOS RIO GRANDE DO SUL
31771,,,,Trabalhando,,ASSISTENTE DE BPO III,1410.0,SINDPPD RS - SINDICATO DOS TRAB. EM PROC. DE DADOS RIO GRANDE DO SUL
30396,,,,Trabalhando,,ASSISTENTE DE BPO III,1410.0,SINDPPD RS - SINDICATO DOS TRAB. EM PROC. DE DADOS RIO GRANDE DO SUL
32240,,,,Trabalhando,,ASSISTENTE DE BPO III,1410.0,SINDPPD RS - SINDICATO DOS TRAB. EM PROC. DE DADOS RIO GRANDE DO SUL
32441,,,,Trabalhando,,ASSISTENTE DE BPO III,1410.0,SINDPPD RS - SINDICATO DOS TRAB. EM PROC. DE DADOS RIO GRANDE DO SUL
26854,,,,Trabalhando,,ASSISTENTE DE BPO III,1410.0,SINDPPD RS - SINDICATO DOS TRAB. EM PROC. DE DADOS RIO GRANDE DO SUL
26856,,,,Trabalhando,,ANALISTA DE EXCELENCIA OPERACIONAL I,1410.0,SINDPPD RS - SINDICATO DOS TRAB. EM PROC. DE DADOS RIO GRANDE DO SUL
29063,,,,Trabalhando,,CONSULTOR FUNCIONAL SAP I,1410.0,SINDPPD RS - SINDICATO DOS TRAB. EM PROC. DE DADOS RIO GRANDE DO SUL
29067,,,,Trabalhando,,CONSULTOR FUNCIONAL SAP I,1410.0,SINDPPD RS - SINDICATO DOS TRAB. EM PROC. DE DADOS RIO GRANDE DO SUL
30505,,,,Trabalhando,,ANALISTA CONTABIL-FISCAL I,1410.0,SINDPPD RS - SINDICATO DOS TRAB. EM PROC. DE DADOS RIO GRANDE DO SUL
30264,,,,Licença Maternidade,,ASSISTENTE DE BPO I,1410.0,SINDPPD RS - SINDICATO DOS TRAB. EM PROC. DE DADOS RIO GRANDE DO SUL
31119,,,,Trabalhando,,ASSISTENTE DE BPO I,1410.0,SINDPPD RS - SINDICATO DOS TRAB. EM PROC. DE DADOS RIO GRANDE DO SUL
31393,,,,Trabalhando,,ASSISTENTE DE BPO I,1410.0,SINDPPD RS - SINDICATO DOS TRAB. EM PROC. DE DADOS RIO GRANDE DO SUL
32125,,,,Trabalhando,,ASSISTENTE DE BPO I,1410.0,SINDPPD RS - SINDICATO DOS TRAB. EM PROC. DE DADOS RIO GRANDE DO SUL
33179,,,,Trabalhando,,ASSISTENTE DE BPO I,1410.0,SINDPPD RS - SINDICATO DOS TRAB. EM PROC. DE DADOS RIO GRANDE DO SUL
35746,,,,Trabalhando,,ASSISTENTE DE BPO I,1410.0,SINDPPD RS - SINDICATO DOS TRAB. EM PROC. DE DADOS RIO GRANDE DO SUL
35592,,,,Trabalhando,,ASSISTENTE DE BPO I,1410.0,SINDPPD RS - SINDICATO DOS TRAB. EM PROC. DE DADOS RIO GRANDE DO SUL
35603,,,,Trabalhando,,ASSISTENTE DE BPO I,1410.0,SINDPPD RS - SINDICATO DOS TRAB. EM PROC. DE DADOS RIO GRANDE DO SUL
35620,,,,Trabalhando,,ASSISTENTE DE BPO I,1410.0,SINDPPD RS - SINDICATO DOS TRAB. EM PROC. DE DADOS RIO GRANDE DO SUL
35622,,,,Trabalhando,,ASSISTENTE DE BPO I,1410.0,SINDPPD RS - SINDICATO DOS TRAB. EM PROC. DE DADOS RIO GRANDE DO SUL
35662,,,,Trabalhando,,ASSISTENTE DE BPO I,1410.0,SINDPPD RS - SINDICATO DOS TRAB. EM PROC. DE DADOS RIO GRANDE DO SUL
35666,,,,Trabalhando,,ASSISTENTE DE BPO I,1410.0,SINDPPD RS - SINDICATO DOS TRAB. EM PROC. DE DADOS RIO GRANDE DO SUL
35407,,,,Trabalhando,,ASSISTENTE DE BPO I,1410.0,SINDPPD RS - SINDICATO DOS TRAB. EM PROC. DE DADOS RIO GRANDE DO SUL
35421,,,,Trabalhando,,ASSISTENTE DE BPO I,1410.0,SINDPPD RS - SINDICATO DOS TRAB. EM PROC. DE DADOS RIO GRANDE DO SUL
35449,,,,Trabalhando,,ASSISTENTE DE BPO I,1410.0,SINDPPD RS - SINDICATO DOS TRAB. EM PROC. DE DADOS RIO GRANDE DO SUL
35468,,,,Trabalhando,,ASSISTENTE DE BPO I,1410.0,SINDPPD RS - SINDICATO DOS TRAB. EM PROC. DE DADOS RIO GRANDE DO SUL
34576,,,,Trabalhando,,ASSISTENTE DE BPO I,1410.0,SINDPPD RS - SINDICATO DOS TRAB. EM PROC. DE DADOS RIO GRANDE DO SUL
34580,,,,Trabalhando,,ASSISTENTE DE BPO I,1410.0,SINDPPD RS - SINDICATO DOS TRAB. EM PROC. DE DADOS RIO GRANDE DO SUL
34628,,,,Trabalhando,,ASSISTENTE DE BPO I,1410.0,SINDPPD RS - SINDICATO DOS TRAB. EM PROC. DE DADOS RIO GRANDE DO SUL
34629,,,,Trabalhando,,ASSISTENTE DE BPO I,1410.0,SINDPPD RS - SINDICATO DOS TRAB. EM PROC. DE DADOS RIO GRANDE DO SUL
34669,,,,Trabalhando,,ASSISTENTE DE BPO I,1410.0,SINDPPD RS - SINDICATO DOS TRAB. EM PROC. DE DADOS RIO GRANDE DO SUL
34899,,,,Trabalhando,,ASSISTENTE DE BPO I,1410.0,SINDPPD RS - SINDICATO DOS TRAB. EM PROC. DE DADOS RIO GRANDE DO SUL
33409,,,,Trabalhando,,ASSISTENTE DE BPO I,1410.0,SINDPPD RS - SINDICATO DOS TRAB. EM PROC. DE DADOS RIO GRANDE DO SUL
33546,,,,Trabalhando,,ASSISTENTE DE BPO I,1410.0,SINDPPD RS - SINDICATO DOS TRAB. EM PROC. DE DADOS RIO GRANDE DO SUL
34128,,,,Trabalhando,,ASSISTENTE DE BPO I,1410.0,SINDPPD RS - SINDICATO DOS TRAB. EM PROC. DE DADOS RIO GRANDE DO SUL
34220,,,,Trabalhando,,ASSISTENTE DE BPO I,1410.0,SINDPPD RS - SINDICATO DOS TRAB. EM PROC. DE DADOS RIO GRANDE DO SUL
30140,,,,Férias,,ASSISTENTE DE BPO I,1410.0,SINDPPD RS - SINDICATO DOS TRAB. EM PROC. DE DADOS RIO GRANDE DO SUL
30436,,,,Trabalhando,,ASSISTENTE DE BPO I,1410.0,SINDPPD RS - SINDICATO DOS TRAB. EM PROC. DE DADOS RIO GRANDE DO SUL
30506,,,,Trabalhando,,ASSISTENTE DE BPO I,1410.0,SINDPPD RS - SINDICATO DOS TRAB. EM PROC. DE DADOS RIO GRANDE DO SUL
32336,,,,Trabalhando,,ASSISTENTE DE BPO I,1410.0,SINDPPD RS - SINDICATO DOS TRAB. EM PROC. DE DADOS RIO GRANDE DO SUL
34495,,,,Trabalhando,,ASSISTENTE DE BPO I,1410.0,SINDPPD RS - SINDICATO DOS TRAB. EM PROC. DE DADOS RIO GRANDE DO SUL
34506,,,,Férias,,ASSISTENTE DE BPO I,1410.0,SINDPPD RS - SINDICATO DOS TRAB. EM PROC. DE DADOS RIO GRANDE DO SUL
34524,,,,Trabalhando,,ASSISTENTE DE BPO I,1410.0,SINDPPD RS - SINDICATO DOS TRAB. EM PROC. DE DADOS RIO GRANDE DO SUL
35542,,,,Trabalhando,,ASSISTENTE DE BPO I,1410.0,SINDPPD RS - SINDICATO DOS TRAB. EM PROC. DE DADOS RIO GRANDE DO SUL
35711,,,,Trabalhando,,ASSISTENTE DE BPO I,1410.0,SINDPPD RS - SINDICATO DOS TRAB. EM PROC. DE DADOS RIO GRANDE DO SUL
32369,,,,Trabalhando,,ASSISTENTE DE BPO I,1410.0,SINDPPD RS - SINDICATO DOS TRAB. EM PROC. DE DADOS RIO GRANDE DO SUL
32562,,,,Trabalhando,,ASSISTENTE DE BPO I,1410.0,SINDPPD RS - SINDICATO DOS TRAB. EM PROC. DE DADOS RIO GRANDE DO SUL
33113,,,,Trabalhando,,ASSISTENTE DE BPO I,1410.0,SINDPPD RS - SINDICATO DOS TRAB. EM PROC. DE DADOS RIO GRANDE DO SUL
34327,,,,Trabalhando,,ASSISTENTE DE BPO I,1410.0,SINDPPD RS - SINDICATO DOS TRAB. EM PROC. DE DADOS RIO GRANDE DO SUL
34410,,,,Trabalhando,,ASSISTENTE DE BPO I,1410.0,SINDPPD RS - SINDICATO DOS TRAB. EM PROC. DE DADOS RIO GRANDE DO SUL
33155,,,,Trabalhando,,ASSISTENTE DE BPO I,1410.0,SINDPPD RS - SINDICATO DOS TRAB. EM PROC. DE DADOS RIO GRANDE DO SUL
32948,,,,Trabalhando,,ASSISTENTE DE BPO I,1410.0,SINDPPD RS - SINDICATO DOS TRAB. EM PROC. DE DADOS RIO GRANDE DO SUL
33413,,,,Trabalhando,,ASSISTENTE DE BPO I,1410.0,SINDPPD RS - SINDICATO DOS TRAB. EM PROC. DE DADOS RIO GRANDE DO SUL
33518,,,,Trabalhando,,ASSISTENTE DE BPO I,1410.0,SINDPPD RS - SINDICATO DOS TRAB. EM PROC. DE DADOS RIO GRANDE DO SUL
33520,,,,Trabalhando,,ASSISTENTE DE BPO I,1410.0,SINDPPD RS - SINDICATO DOS TRAB. EM PROC. DE DADOS RIO GRANDE DO SUL
33736,,,,Trabalhando,,ASSISTENTE DE BPO I,1410.0,SINDPPD RS - SINDICATO DOS TRAB. EM PROC. DE DADOS RIO GRANDE DO SUL
30173,,,,Trabalhando,,ASSISTENTE DE BPO I,1410.0,SINDPPD RS - SINDICATO DOS TRAB. EM PROC. DE DADOS RIO GRANDE DO SUL
32344,,,,Férias,,ASSISTENTE DE BPO I,1410.0,SINDPPD RS - SINDICATO DOS TRAB. EM PROC. DE DADOS RIO GRANDE DO SUL
32747,,,,Trabalhando,,ASSISTENTE DE BPO I,1410.0,SINDPPD RS - SINDICATO DOS TRAB. EM PROC. DE DADOS RIO GRANDE DO SUL
34513,,,,Trabalhando,,ASSISTENTE DE BPO I,1410.0,SINDPPD RS - SINDICATO DOS TRAB. EM PROC. DE DADOS RIO GRANDE DO SUL
35504,,,,Trabalhando,,ASSISTENTE DE BPO I,1410.0,SINDPPD RS - SINDICATO DOS TRAB. EM PROC. DE DADOS RIO GRANDE DO SUL
33162,,,,Trabalhando,,ASSISTENTE DE BPO I,1410.0,SINDPPD RS - SINDICATO DOS TRAB. EM PROC. DE DADOS RIO GRANDE DO SUL
33789,,,,Trabalhando,,ASSISTENTE DE BPO I,1410.0,SINDPPD RS - SINDICATO DOS TRAB. EM PROC. DE DADOS RIO GRANDE DO SUL
30875,,,,Trabalhando,,ASSISTENTE DE BPO I,1410.0,SINDPPD RS - SINDICATO DOS TRAB. EM PROC. DE DADOS RIO GRANDE DO SUL
31087,,,,Trabalhando,,ASSISTENTE DE BPO I,1410.0,SINDPPD RS - SINDICATO DOS TRAB. EM PROC. DE DADOS RIO GRANDE DO SUL
32172,,,,Trabalhando,,ASSISTENTE DE BPO I,1410.0,SINDPPD RS - SINDICATO DOS TRAB. EM PROC. DE DADOS RIO GRANDE DO SUL
32284,,,,Trabalhando,,ASSISTENTE DE BPO I,1410.0,SINDPPD RS - SINDICATO DOS TRAB. EM PROC. DE DADOS RIO GRANDE DO SUL
32345,,,,Licença Maternidade,,ASSISTENTE DE BPO I,1410.0,SINDPPD RS - SINDICATO DOS TRAB. EM PROC. DE DADOS RIO GRANDE DO SUL
34837,,,,Trabalhando,,ASSISTENTE DE BPO I,1410.0,SINDPPD RS - SINDICATO DOS TRAB. EM PROC. DE DADOS RIO GRANDE DO SUL
35113,,,,Trabalhando,,ASSISTENTE DE BPO I,1410.0,SINDPPD RS - SINDICATO DOS TRAB. EM PROC. DE DADOS RIO GRANDE DO SUL
35212,,,,Trabalhando,,ASSISTENTE DE BPO I,1410.0,SINDPPD RS - SINDICATO DOS TRAB. EM PROC. DE DADOS RIO GRANDE DO SUL
35385,,,,Trabalhando,,ASSISTENTE DE BPO I,1410.0,SINDPPD RS - SINDICATO DOS TRAB. EM PROC. DE DADOS RIO GRANDE DO SUL
35502,,,,Trabalhando,,ASSISTENTE DE BPO I,1410.0,SINDPPD RS - SINDICATO DOS TRAB. EM PROC. DE DADOS RIO GRANDE DO SUL
35511,,,,Trabalhando,,ASSISTENTE DE BPO I,1410.0,SINDPPD RS - SINDICATO DOS TRAB. EM PROC. DE DADOS RIO GRANDE DO SUL
32420,,,,Trabalhando,,ASSISTENTE DE BPO I,1410.0,SINDPPD RS - SINDICATO DOS TRAB. EM PROC. DE DADOS RIO GRANDE DO SUL
33161,,,,Trabalhando,,ASSISTENTE DE BPO I,1410.0,SINDPPD RS - SINDICATO DOS TRAB. EM PROC. DE DADOS RIO GRANDE DO SUL
33737,,,,Trabalhando,,ASSISTENTE DE BPO I,1410.0,SINDPPD RS - SINDICATO DOS TRAB. EM PROC. DE DADOS RIO GRANDE DO SUL
33842,,,,Trabalhando,,ASSISTENTE DE BPO I,1410.0,SINDPPD RS - SINDICATO DOS TRAB. EM PROC. DE DADOS RIO GRANDE DO SUL
34543,,,,Trabalhando,,ASSISTENTE DE BPO I,1410.0,SINDPPD RS - SINDICATO DOS TRAB. EM PROC. DE DADOS RIO GRANDE DO SUL
34573,,,,Trabalhando,,ASSISTENTE DE BPO I,1410.0,SINDPPD RS - SINDICATO DOS TRAB. EM PROC. DE DADOS RIO GRANDE DO SUL
30205,,,,Férias,,COORDENADOR DE BPO,1410.0,SINDPPD RS - SINDICATO DOS TRAB. EM PROC. DE DADOS RIO GRANDE DO SUL
30273,,,,Trabalhando,,COORDENADOR DE BPO,1410.0,SINDPPD RS - SINDICATO DOS TRAB. EM PROC. DE DADOS RIO GRANDE DO SUL
33221,,,,Trabalhando,,COORDENADOR DE BPO,1410.0,SINDPPD RS - SINDICATO DOS TRAB. EM PROC. DE DADOS RIO GRANDE DO SUL
26275,,,,Trabalhando,,COORDENADOR DE BPO,1410.0,SINDPPD RS - SINDICATO DOS TRAB. EM PROC. DE DADOS RIO GRANDE DO SUL
30340,,,,Trabalhando,,LIDER DE BPO,1410.0,SINDPPD RS - SINDICATO DOS TRAB. EM PROC. DE DADOS RIO GRANDE DO SUL
30495,,,,Trabalhando,,LIDER DE BPO,1410.0,SINDPPD RS - SINDICATO DOS TRAB. EM PROC. DE DADOS RIO GRANDE DO SUL
30510,,,,Trabalhando,,LIDER DE BPO,1410.0,SINDPPD RS - SINDICATO DOS TRAB. EM PROC. DE DADOS RIO GRANDE DO SUL
30426,,,,Férias,,LIDER DE BPO,1410.0,SINDPPD RS - SINDICATO DOS TRAB. EM PROC. DE DADOS RIO GRANDE DO SUL
30175,,,,Trabalhando,,LIDER DE BPO,1410.0,SINDPPD RS - SINDICATO DOS TRAB. EM PROC. DE DADOS RIO GRANDE DO SUL
33249,,,,Trabalhando,,LIDER DE BPO,1410.0,SINDPPD RS - SINDICATO DOS TRAB. EM PROC. DE DADOS RIO GRANDE DO SUL
30145,,,,Trabalhando,,LIDER DE BPO,1410.0,SINDPPD RS - SINDICATO DOS TRAB. EM PROC. DE DADOS RIO GRANDE DO SUL
30425,,,,Trabalhando,,LIDER DE BPO,1410.0,SINDPPD RS - SINDICATO DOS TRAB. EM PROC. DE DADOS RIO GRANDE DO SUL
30281,,,,Férias,,LIDER DE BPO,1410.0,SINDPPD RS - SINDICATO DOS TRAB. EM PROC. DE DADOS RIO GRANDE DO SUL
32388,,,,Trabalhando,,LIDER DE BPO,1410.0,SINDPPD RS - SINDICATO DOS TRAB. EM PROC. DE DADOS RIO GRANDE DO SUL
31570,,,,Trabalhando,,ASSISTENTE DE BPO II,1410.0,SINDPPD RS - SINDICATO DOS TRAB. EM PROC. DE DADOS RIO GRANDE DO SUL
33812,,,,Trabalhando,,ASSISTENTE DE BPO II,1410.0,SINDPPD RS - SINDICATO DOS TRAB. EM PROC. DE DADOS RIO GRANDE DO SUL
34581,,,,Trabalhando,,ASSISTENTE DE BPO II,1410.0,SINDPPD RS - SINDICATO DOS TRAB. EM PROC. DE DADOS RIO GRANDE DO SUL
35208,,,,Trabalhando,,ASSISTENTE DE BPO II,1410.0,SINDPPD RS - SINDICATO DOS TRAB. EM PROC. DE DADOS RIO GRANDE DO SUL
30262,,,,Trabalhando,,ASSISTENTE DE BPO II,1410.0,SINDPPD RS - SINDICATO DOS TRAB. EM PROC. DE DADOS RIO GRANDE DO SUL
30864,,,,Trabalhando,,ASSISTENTE DE BPO II,1410.0,SINDPPD RS - SINDICATO DOS TRAB. EM PROC. DE DADOS RIO GRANDE DO SUL
32480,,,,Trabalhando,,ASSISTENTE DE BPO II,1410.0,SINDPPD RS - SINDICATO DOS TRAB. EM PROC. DE DADOS RIO GRANDE DO SUL
33022,,,,Trabalhando,,ASSISTENTE DE BPO II,1410.0,SINDPPD RS - SINDICATO DOS TRAB. EM PROC. DE DADOS RIO GRANDE DO SUL
30870,,,,Trabalhando,,ASSISTENTE DE BPO II,1410.0,SINDPPD RS - SINDICATO DOS TRAB. EM PROC. DE DADOS RIO GRANDE DO SUL
30200,,,,Licença Maternidade,,ASSISTENTE DE BPO II,1410.0,SINDPPD RS - SINDICATO DOS TRAB. EM PROC. DE DADOS RIO GRANDE DO SUL
30876,,,,Trabalhando,,ASSISTENTE DE BPO II,1410.0,SINDPPD RS - SINDICATO DOS TRAB. EM PROC. DE DADOS RIO GRANDE DO SUL
31185,,,,Trabalhando,,ASSISTENTE DE BPO II,1410.0,SINDPPD RS - SINDICATO DOS TRAB. EM PROC. DE DADOS RIO GRANDE DO SUL
32383,,,,Férias,,ASSISTENTE DE BPO II,1410.0,SINDPPD RS - SINDICATO DOS TRAB. EM PROC. DE DADOS RIO GRANDE DO SUL
33562,,,,Férias,,ASSISTENTE DE BPO III,1410.0,SINDPPD RS - SINDICATO DOS TRAB. EM PROC. DE DADOS RIO GRANDE DO SUL
25872,,,,Trabalhando,,ASSISTENTE DE BPO III,1410.0,SINDPPD RS - SINDICATO DOS TRAB. EM PROC. DE DADOS RIO GRANDE DO SUL
30423,,,,Trabalhando,,ASSISTENTE DE BPO III,1410.0,SINDPPD RS - SINDICATO DOS TRAB. EM PROC. DE DADOS RIO GRANDE DO SUL
35057,,,,Trabalhando,,ASSISTENTE DE BPO III,1410.0,SINDPPD RS - SINDICATO DOS TRAB. EM PROC. DE DADOS RIO GRANDE DO SUL
31086,,,,Trabalhando,,ASSISTENTE DE BPO III,1410.0,SINDPPD RS - SINDICATO DOS TRAB. EM PROC. DE DADOS RIO GRANDE DO SUL
32142,,,,Trabalhando,,GERENTE DE OPERACOES I,1410.0,SINDPPD RS - SINDICATO DOS TRAB. EM PROC. DE DADOS RIO GRANDE DO SUL
34684,,,,Trabalhando,,AGILE MASTER,1410.0,SINDPPD RS - SINDICATO DOS TRAB. EM PROC. DE DADOS RIO GRANDE DO SUL
35361,,,,Trabalhando,,ANALISTA ADMINISTRATIVO II,1410.0,SINDPPD RS - SINDICATO DOS TRAB. EM PROC. DE DADOS RIO GRANDE DO SUL
26716,,,,Trabalhando,,ENTERPRISE AGILE COACH,1410.0,SINDPPD RS - SINDICATO DOS TRAB. EM PROC. DE DADOS RIO GRANDE DO SUL
25770,,,,Trabalhando,,ANALISTA ADMINISTRATIVO II,1410.0,SINDPD SP - SIND.TRAB.EM PROC DADOS E EMPR.EMPRESAS PROC DADOS ESTADO DE SP.
31153,,,,Trabalhando,,ASSISTENTE DE ADMINISTRACAO DE PESSOAS,1410.0,SINDPD SP - SIND.TRAB.EM PROC DADOS E EMPR.EMPRESAS PROC DADOS ESTADO DE SP.
32795,,,,Trabalhando,,ANALISTA DE COMUNICACAO E MARKETING III,1410.0,SINDPD SP - SIND.TRAB.EM PROC DADOS E EMPR.EMPRESAS PROC DADOS ESTADO DE SP.
30770,,,,Trabalhando,,DESENVOLVEDOR III,1410.0,SINDPD SP - SIND.TRAB.EM PROC DADOS E EMPR.EMPRESAS PROC DADOS ESTADO DE SP.
34118,,,,Trabalhando,,CONSULTOR FUNCIONAL SAP III,1410.0,SINDPD SP - SIND.TRAB.EM PROC DADOS E EMPR.EMPRESAS PROC DADOS ESTADO DE SP.
34867,,,,Auxílio Doença,,CONSULTOR TECNICO SAP II,1410.0,SINDPD SP - SIND.TRAB.EM PROC DADOS E EMPR.EMPRESAS PROC DADOS ESTADO DE SP.
30806,,,,Trabalhando,,CONSULTOR TECNICO SAP III,1410.0,SINDPD SP - SIND.TRAB.EM PROC DADOS E EMPR.EMPRESAS PROC DADOS ESTADO DE SP.
33099,,,,Trabalhando,,ANALISTA DE COMUNICACAO E MARKETING II,1410.0,SINDPD SP - SIND.TRAB.EM PROC DADOS E EMPR.EMPRESAS PROC DADOS ESTADO DE SP.
35389,,,,Trabalhando,,ANALISTA DE COMUNICACAO E MARKETING II,1410.0,SINDPD SP - SIND.TRAB.EM PROC DADOS E EMPR.EMPRESAS PROC DADOS ESTADO DE SP.
35426,,,,Trabalhando,,ANALISTA DE COMUNICACAO E MARKETING II,1410.0,SINDPD SP - SIND.TRAB.EM PROC DADOS E EMPR.EMPRESAS PROC DADOS ESTADO DE SP.
27246,,,,Trabalhando,,GERENTE DE COMUNICACAO E MARKETING,1410.0,SINDPD SP - SIND.TRAB.EM PROC DADOS E EMPR.EMPRESAS PROC DADOS ESTADO DE SP.
30751,,,,Trabalhando,,DEVELOPER III,1410.0,SINDPD SP - SIND.TRAB.EM PROC DADOS E EMPR.EMPRESAS PROC DADOS ESTADO DE SP.
33788,,,,Trabalhando,,ANALISTA DE SEGURANCA DA INFORMACAO III,1410.0,SINDPD SP - SIND.TRAB.EM PROC DADOS E EMPR.EMPRESAS PROC DADOS ESTADO DE SP.
35399,,,,Trabalhando,,CONSULTOR FUNCIONAL SAP II,1410.0,SINDPD SP - SIND.TRAB.EM PROC DADOS E EMPR.EMPRESAS PROC DADOS ESTADO DE SP.
31823,,,,Trabalhando,,CONSULTOR FUNCIONAL SAP III,1410.0,SINDPD SP - SIND.TRAB.EM PROC DADOS E EMPR.EMPRESAS PROC DADOS ESTADO DE SP.
35073,,,,Trabalhando,,CONSULTOR FUNCIONAL SAP III,1410.0,SINDPD SP - SIND.TRAB.EM PROC DADOS E EMPR.EMPRESAS PROC DADOS ESTADO DE SP.
31671,,,,Trabalhando,,CONSULTOR ESPECIALISTA FUNCIONAL SAP,1410.0,SINDPD SP - SIND.TRAB.EM PROC DADOS E EMPR.EMPRESAS PROC DADOS ESTADO DE SP.
34759,,,,Trabalhando,,GERENTE DE OPERACOES I,1410.0,SINDPD SP - SIND.TRAB.EM PROC DADOS E EMPR.EMPRESAS PROC DADOS ESTADO DE SP.
35463,,,,Trabalhando,,GERENTE DE PROJETOS II,1410.0,SINDPD SP - SIND.TRAB.EM PROC DADOS E EMPR.EMPRESAS PROC DADOS ESTADO DE SP.
32488,,,,Trabalhando,,GERENTE DE PROJETOS II,1410.0,SINDPD SP - SIND.TRAB.EM PROC DADOS E EMPR.EMPRESAS PROC DADOS ESTADO DE SP.
33918,,,,Trabalhando,,GERENTE DE PROJETOS II,1410.0,SINDPD SP - SIND.TRAB.EM PROC DADOS E EMPR.EMPRESAS PROC DADOS ESTADO DE SP.
31550,,,,Trabalhando,,ANALISTA DE SEGURANCA DA INFORMACAO II,1410.0,SINDPD SP - SIND.TRAB.EM PROC DADOS E EMPR.EMPRESAS PROC DADOS ESTADO DE SP.
33828,,,,Trabalhando,,AGILE MASTER,1410.0,SINDPD SP - SIND.TRAB.EM PROC DADOS E EMPR.EMPRESAS PROC DADOS ESTADO DE SP.
33608,,,,Férias,,ARQUITETO DE SOLUCOES III,1410.0,SINDPD SP - SIND.TRAB.EM PROC DADOS E EMPR.EMPRESAS PROC DADOS ESTADO DE SP.
34668,,,,Trabalhando,,ARQUITETO DE SOLUCOES III,1410.0,SINDPD SP - SIND.TRAB.EM PROC DADOS E EMPR.EMPRESAS PROC DADOS ESTADO DE SP.
34957,,,,Trabalhando,,DESENVOLVEDOR III,1410.0,SINDPD SP - SIND.TRAB.EM PROC DADOS E EMPR.EMPRESAS PROC DADOS ESTADO DE SP.
33178,,,,Trabalhando,,CONSULTOR FUNCIONAL SAP I,1410.0,SINDPD SP - SIND.TRAB.EM PROC DADOS E EMPR.EMPRESAS PROC DADOS ESTADO DE SP.
34253,,,,Trabalhando,,DESENVOLVEDOR III,1410.0,SINDPD SP - SIND.TRAB.EM PROC DADOS E EMPR.EMPRESAS PROC DADOS ESTADO DE SP.
31474,,,,Trabalhando,,ANALISTA DE QUALIDADE DE SOFTWARE I,1410.0,SINDPD SP - SIND.TRAB.EM PROC DADOS E EMPR.EMPRESAS PROC DADOS ESTADO DE SP.
31517,,,,Trabalhando,,ANALISTA DE QUALIDADE DE SOFTWARE II,1410.0,SINDPD SP - SIND.TRAB.EM PROC DADOS E EMPR.EMPRESAS PROC DADOS ESTADO DE SP.
35095,,,,Trabalhando,,ANALISTA DE SUPORTE I,1410.0,SINDPD SP - SIND.TRAB.EM PROC DADOS E EMPR.EMPRESAS PROC DADOS ESTADO DE SP.
35733,,,,Trabalhando,,ANALISTA DE SUPORTE I,1410.0,SINDPD SP - SIND.TRAB.EM PROC DADOS E EMPR.EMPRESAS PROC DADOS ESTADO DE SP.
34272,,,,Trabalhando,,GERENTE DE OPERACOES I,1410.0,SINDPD SP - SIND.TRAB.EM PROC DADOS E EMPR.EMPRESAS PROC DADOS ESTADO DE SP.
33007,,,,Trabalhando,,PRODUCT OWNER III,1410.0,SINDPD SP - SIND.TRAB.EM PROC DADOS E EMPR.EMPRESAS PROC DADOS ESTADO DE SP.
34980,,,,Trabalhando,,PRODUCT OWNER III,1410.0,SINDPD SP - SIND.TRAB.EM PROC DADOS E EMPR.EMPRESAS PROC DADOS ESTADO DE SP.
35118,,,,Trabalhando,,DESENVOLVEDOR I,1410.0,SINDPD SP - SIND.TRAB.EM PROC DADOS E EMPR.EMPRESAS PROC DADOS ESTADO DE SP.
33237,,,,Trabalhando,,ANALISTA DE SEGURANCA DA INFORMACAO III,1410.0,SINDPD SP - SIND.TRAB.EM PROC DADOS E EMPR.EMPRESAS PROC DADOS ESTADO DE SP.
33729,,,,Trabalhando,,ANALISTA DE QUALIDADE DE SOFTWARE II,1410.0,SINDPD SP - SIND.TRAB.EM PROC DADOS E EMPR.EMPRESAS PROC DADOS ESTADO DE SP.
34652,,,,Trabalhando,,ANALISTA DE QUALIDADE DE SOFTWARE II,1410.0,SINDPD SP - SIND.TRAB.EM PROC DADOS E EMPR.EMPRESAS PROC DADOS ESTADO DE SP.
33153,,,,Trabalhando,,DESENVOLVEDOR II,1410.0,SINDPD SP - SIND.TRAB.EM PROC DADOS E EMPR.EMPRESAS PROC DADOS ESTADO DE SP.
34198,,,,Trabalhando,,DESENVOLVEDOR III,1410.0,SINDPD SP - SIND.TRAB.EM PROC DADOS E EMPR.EMPRESAS PROC DADOS ESTADO DE SP.
34313,,,,Trabalhando,,PRODUCT MANAGER II,1410.0,SINDPD SP - SIND.TRAB.EM PROC DADOS E EMPR.EMPRESAS PROC DADOS ESTADO DE SP.
35778,,,,Trabalhando,,PRODUCT MANAGER II,1410.0,SINDPD SP - SIND.TRAB.EM PROC DADOS E EMPR.EMPRESAS PROC DADOS ESTADO DE SP.
34986,,,,Auxílio Doença,,PRODUCT MANAGER II,1410.0,SINDPD SP - SIND.TRAB.EM PROC DADOS E EMPR.EMPRESAS PROC DADOS ESTADO DE SP.
34365,,,,Trabalhando,,ANALISTA DE QUALIDADE DE SOFTWARE III,1410.0,SINDPD SP - SIND.TRAB.EM PROC DADOS E EMPR.EMPRESAS PROC DADOS ESTADO DE SP.
34372,,,,Trabalhando,,ANALISTA DE QUALIDADE DE SOFTWARE III,1410.0,SINDPD SP - SIND.TRAB.EM PROC DADOS E EMPR.EMPRESAS PROC DADOS ESTADO DE SP.
34379,,,,Trabalhando,,ANALISTA DE QUALIDADE DE SOFTWARE III,1410.0,SINDPD SP - SIND.TRAB.EM PROC DADOS E EMPR.EMPRESAS PROC DADOS ESTADO DE SP.
34430,,,,Trabalhando,,ANALISTA DE QUALIDADE DE SOFTWARE III,1410.0,SINDPD SP - SIND.TRAB.EM PROC DADOS E EMPR.EMPRESAS PROC DADOS ESTADO DE SP.
34464,,,,Trabalhando,,ANALISTA DE QUALIDADE DE SOFTWARE III,1410.0,SINDPD SP - SIND.TRAB.EM PROC DADOS E EMPR.EMPRESAS PROC DADOS ESTADO DE SP.
34943,,,,Trabalhando,,ANALISTA DE QUALIDADE DE SOFTWARE III,1410.0,SINDPD SP - SIND.TRAB.EM PROC DADOS E EMPR.EMPRESAS PROC DADOS ESTADO DE SP.
35795,,,,Trabalhando,,ANALISTA DE QUALIDADE DE SOFTWARE III,1410.0,SINDPD SP - SIND.TRAB.EM PROC DADOS E EMPR.EMPRESAS PROC DADOS ESTADO DE SP.
35040,,,,Trabalhando,,ANALISTA DE QUALIDADE DE SOFTWARE III,1410.0,SINDPD SP - SIND.TRAB.EM PROC DADOS E EMPR.EMPRESAS PROC DADOS ESTADO DE SP.
34206,,,,Trabalhando,,ANALISTA DE QUALIDADE DE SOFTWARE III,1410.0,SINDPD SP - SIND.TRAB.EM PROC DADOS E EMPR.EMPRESAS PROC DADOS ESTADO DE SP.
33442,,,,Trabalhando,,ESPECIALISTA DE QUALIDADE DE SOFTWARE I ,1410.0,SINDPD SP - SIND.TRAB.EM PROC DADOS E EMPR.EMPRESAS PROC DADOS ESTADO DE SP.
34922,,,,Trabalhando,,GERENTE DE OPERACOES II,1410.0,SINDPD SP - SIND.TRAB.EM PROC DADOS E EMPR.EMPRESAS PROC DADOS ESTADO DE SP.
35625,,,,Trabalhando,,PRODUCT OWNER II,1410.0,SINDPD SP - SIND.TRAB.EM PROC DADOS E EMPR.EMPRESAS PROC DADOS ESTADO DE SP.
30197,,,,Trabalhando,,PRODUCT OWNER III,1410.0,SINDPD SP - SIND.TRAB.EM PROC DADOS E EMPR.EMPRESAS PROC DADOS ESTADO DE SP.
34262,,,,Trabalhando,,PRODUCT OWNER III,1410.0,SINDPD SP - SIND.TRAB.EM PROC DADOS E EMPR.EMPRESAS PROC DADOS ESTADO DE SP.
34429,,,,Trabalhando,,PRODUCT OWNER III,1410.0,SINDPD SP - SIND.TRAB.EM PROC DADOS E EMPR.EMPRESAS PROC DADOS ESTADO DE SP.
34746,,,,Trabalhando,,PRODUCT OWNER III,1410.0,SINDPD SP - SIND.TRAB.EM PROC DADOS E EMPR.EMPRESAS PROC DADOS ESTADO DE SP.
34709,,,,Trabalhando,,COORDENADOR DE OPERACOES II,1410.0,SINDPD SP - SIND.TRAB.EM PROC DADOS E EMPR.EMPRESAS PROC DADOS ESTADO DE SP.
34730,,,,Trabalhando,,DESENVOLVEDOR II,1410.0,SINDPD SP - SIND.TRAB.EM PROC DADOS E EMPR.EMPRESAS PROC DADOS ESTADO DE SP.
35698,,,,Trabalhando,,DESENVOLVEDOR II,1410.0,SINDPD SP - SIND.TRAB.EM PROC DADOS E EMPR.EMPRESAS PROC DADOS ESTADO DE SP.
34753,,,,Trabalhando,,DESENVOLVEDOR II,1410.0,SINDPD SP - SIND.TRAB.EM PROC DADOS E EMPR.EMPRESAS PROC DADOS ESTADO DE SP.
34448,,,,Trabalhando,,DESENVOLVEDOR II,1410.0,SINDPD SP - SIND.TRAB.EM PROC DADOS E EMPR.EMPRESAS PROC DADOS ESTADO DE SP.
34733,,,,Trabalhando,,DESENVOLVEDOR II,1410.0,SINDPD SP - SIND.TRAB.EM PROC DADOS E EMPR.EMPRESAS PROC DADOS ESTADO DE SP.
34375,,,,Trabalhando,,DESENVOLVEDOR III,1410.0,SINDPD SP - SIND.TRAB.EM PROC DADOS E EMPR.EMPRESAS PROC DADOS ESTADO DE SP.
34385,,,,Férias,,DESENVOLVEDOR III,1410.0,SINDPD SP - SIND.TRAB.EM PROC DADOS E EMPR.EMPRESAS PROC DADOS ESTADO DE SP.
34481,,,,Trabalhando,,DESENVOLVEDOR III,1410.0,SINDPD SP - SIND.TRAB.EM PROC DADOS E EMPR.EMPRESAS PROC DADOS ESTADO DE SP.
35078,,,,Trabalhando,,DESENVOLVEDOR III,1410.0,SINDPD SP - SIND.TRAB.EM PROC DADOS E EMPR.EMPRESAS PROC DADOS ESTADO DE SP.
35779,,,,Trabalhando,,DESENVOLVEDOR III,1410.0,SINDPD SP - SIND.TRAB.EM PROC DADOS E EMPR.EMPRESAS PROC DADOS ESTADO DE SP.
34271,,,,Trabalhando,,DESENVOLVEDOR III,1410.0,SINDPD SP - SIND.TRAB.EM PROC DADOS E EMPR.EMPRESAS PROC DADOS ESTADO DE SP.
34542,,,,Trabalhando,,DESENVOLVEDOR III,1410.0,SINDPD SP - SIND.TRAB.EM PROC DADOS E EMPR.EMPRESAS PROC DADOS ESTADO DE SP.
34544,,,,Trabalhando,,DESENVOLVEDOR III,1410.0,SINDPD SP - SIND.TRAB.EM PROC DADOS E EMPR.EMPRESAS PROC DADOS ESTADO DE SP.
34939,,,,Trabalhando,,DESENVOLVEDOR III,1410.0,SINDPD SP - SIND.TRAB.EM PROC DADOS E EMPR.EMPRESAS PROC DADOS ESTADO DE SP.
35211,,,,Trabalhando,,DESENVOLVEDOR III,1410.0,SINDPD SP - SIND.TRAB.EM PROC DADOS E EMPR.EMPRESAS PROC DADOS ESTADO DE SP.
35222,,,,Trabalhando,,DESENVOLVEDOR III,1410.0,SINDPD SP - SIND.TRAB.EM PROC DADOS E EMPR.EMPRESAS PROC DADOS ESTADO DE SP.
35677,,,,Trabalhando,,DESENVOLVEDOR III,1410.0,SINDPD SP - SIND.TRAB.EM PROC DADOS E EMPR.EMPRESAS PROC DADOS ESTADO DE SP.
32209,,,,Férias,,ARQUITETO DE SOLUCOES III,1410.0,SINDPD SP - SIND.TRAB.EM PROC DADOS E EMPR.EMPRESAS PROC DADOS ESTADO DE SP.
35202,,,,Trabalhando,,ENGENHEIRO DE DADOS II,1410.0,SINDPD SP - SIND.TRAB.EM PROC DADOS E EMPR.EMPRESAS PROC DADOS ESTADO DE SP.
34594,,,,Trabalhando,,TECH LEAD I,1410.0,SINDPD SP - SIND.TRAB.EM PROC DADOS E EMPR.EMPRESAS PROC DADOS ESTADO DE SP.
34439,,,,Trabalhando,,TECH LEAD II,1410.0,SINDPD SP - SIND.TRAB.EM PROC DADOS E EMPR.EMPRESAS PROC DADOS ESTADO DE SP.
35479,,,,Trabalhando,,TECH LEAD II,1410.0,SINDPD SP - SIND.TRAB.EM PROC DADOS E EMPR.EMPRESAS PROC DADOS ESTADO DE SP.
35787,,,,Trabalhando,,TECH LEAD II,1410.0,SINDPD SP - SIND.TRAB.EM PROC DADOS E EMPR.EMPRESAS PROC DADOS ESTADO DE SP.
32229,,,,Férias,,AGILE COACH II,1410.0,SINDPD SP - SIND.TRAB.EM PROC DADOS E EMPR.EMPRESAS PROC DADOS ESTADO DE SP.
34034,,,,Trabalhando,,ANALISTA DE SUPORTE I,1410.0,SINDPD SP - SIND.TRAB.EM PROC DADOS E EMPR.EMPRESAS PROC DADOS ESTADO DE SP.
35734,,,,Trabalhando,,ANALISTA DE SUPORTE I,1410.0,SINDPD SP - SIND.TRAB.EM PROC DADOS E EMPR.EMPRESAS PROC DADOS ESTADO DE SP.
33991,,,,Trabalhando,,DESENVOLVEDOR DE RPA III,1410.0,SINDPD SP - SIND.TRAB.EM PROC DADOS E EMPR.EMPRESAS PROC DADOS ESTADO DE SP.
33238,,,,Trabalhando,,ANALISTA DE BPO II,1410.0,SINDPD SP - SIND.TRAB.EM PROC DADOS E EMPR.EMPRESAS PROC DADOS ESTADO DE SP.
33246,,,,Trabalhando,,ANALISTA DE BPO II,1410.0,SINDPD SP - SIND.TRAB.EM PROC DADOS E EMPR.EMPRESAS PROC DADOS ESTADO DE SP.
33253,,,,Trabalhando,,ANALISTA DE BPO II,1410.0,SINDPD SP - SIND.TRAB.EM PROC DADOS E EMPR.EMPRESAS PROC DADOS ESTADO DE SP.
33247,,,,Trabalhando,,ANALISTA DE BPO II,1410.0,SINDPD SP - SIND.TRAB.EM PROC DADOS E EMPR.EMPRESAS PROC DADOS ESTADO DE SP.
32982,,,,Trabalhando,,ANALISTA DE SISTEMAS E NEGOCIOS III,1410.0,SINDPD SP - SIND.TRAB.EM PROC DADOS E EMPR.EMPRESAS PROC DADOS ESTADO DE SP.
32677,,,,Trabalhando,,ANALISTA DE SUPORTE III,1410.0,SINDPD SP - SIND.TRAB.EM PROC DADOS E EMPR.EMPRESAS PROC DADOS ESTADO DE SP.
34310,,,,Trabalhando,,DESENVOLVEDOR II,1410.0,SINDPD SP - SIND.TRAB.EM PROC DADOS E EMPR.EMPRESAS PROC DADOS ESTADO DE SP.
29935,,,,Trabalhando,,ANALISTA DE QUALIDADE DE SOFTWARE I,1410.0,SINDPD SP - SIND.TRAB.EM PROC DADOS E EMPR.EMPRESAS PROC DADOS ESTADO DE SP.
32822,,,,Trabalhando,,ANALISTA DE QUALIDADE DE SOFTWARE I,1410.0,SINDPD SP - SIND.TRAB.EM PROC DADOS E EMPR.EMPRESAS PROC DADOS ESTADO DE SP.
33256,,,,Trabalhando,,DESENVOLVEDOR III,1410.0,SINDPD SP - SIND.TRAB.EM PROC DADOS E EMPR.EMPRESAS PROC DADOS ESTADO DE SP.
29201,,,,Trabalhando,,GERENTE DE PROJETOS II,1410.0,SINDPD SP - SIND.TRAB.EM PROC DADOS E EMPR.EMPRESAS PROC DADOS ESTADO DE SP.
34024,,,,Trabalhando,,DESENVOLVEDOR II,1410.0,SINDPD SP - SIND.TRAB.EM PROC DADOS E EMPR.EMPRESAS PROC DADOS ESTADO DE SP.
34974,,,,Trabalhando,,DESENVOLVEDOR II,1410.0,SINDPD SP - SIND.TRAB.EM PROC DADOS E EMPR.EMPRESAS PROC DADOS ESTADO DE SP.
34972,,,,Trabalhando,,DESENVOLVEDOR III,1410.0,SINDPD SP - SIND.TRAB.EM PROC DADOS E EMPR.EMPRESAS PROC DADOS ESTADO DE SP.
34224,,,,Trabalhando,,DESIGNER UX/UI II,1410.0,SINDPD SP - SIND.TRAB.EM PROC DADOS E EMPR.EMPRESAS PROC DADOS ESTADO DE SP.
35103,,,,Trabalhando,,DESIGNER UX/UI III,1410.0,SINDPD SP - SIND.TRAB.EM PROC DADOS E EMPR.EMPRESAS PROC DADOS ESTADO DE SP.
31422,,,,Trabalhando,,DESENVOLVEDOR I,1410.0,SINDPD SP - SIND.TRAB.EM PROC DADOS E EMPR.EMPRESAS PROC DADOS ESTADO DE SP.
30302,,,,Trabalhando,,ARQUITETO DE SOFTWARE I,1410.0,SINDPPD RS - SINDICATO DOS TRAB. EM PROC. DE DADOS RIO GRANDE DO SUL
33995,,,,Trabalhando,,DESENVOLVEDOR II,1410.0,SINDPD SP - SIND.TRAB.EM PROC DADOS E EMPR.EMPRESAS PROC DADOS ESTADO DE SP.
33996,,,,Trabalhando,,DESENVOLVEDOR II,1410.0,SINDPD SP - SIND.TRAB.EM PROC DADOS E EMPR.EMPRESAS PROC DADOS ESTADO DE SP.
34660,,,,Trabalhando,,DESENVOLVEDOR III,1410.0,SINDPD SP - SIND.TRAB.EM PROC DADOS E EMPR.EMPRESAS PROC DADOS ESTADO DE SP.
34975,,,,Trabalhando,,DESENVOLVEDOR III,1410.0,SINDPD SP - SIND.TRAB.EM PROC DADOS E EMPR.EMPRESAS PROC DADOS ESTADO DE SP.
33348,,,,Trabalhando,,DESENVOLVEDOR II,1410.0,SINDPD SP - SIND.TRAB.EM PROC DADOS E EMPR.EMPRESAS PROC DADOS ESTADO DE SP.
35588,,,,Trabalhando,,ANALISTA DE SUPORTE II,1410.0,SINDPD SP - SIND.TRAB.EM PROC DADOS E EMPR.EMPRESAS PROC DADOS ESTADO DE SP.
35586,,,,Trabalhando,,ANALISTA DE SUPORTE III,1410.0,SINDPD SP - SIND.TRAB.EM PROC DADOS E EMPR.EMPRESAS PROC DADOS ESTADO DE SP.
35587,,,,Trabalhando,,ANALISTA DE SUPORTE III,1410.0,SINDPD SP - SIND.TRAB.EM PROC DADOS E EMPR.EMPRESAS PROC DADOS ESTADO DE SP.
33193,,,,Trabalhando,,DESENVOLVEDOR II,1410.0,SINDPD SP - SIND.TRAB.EM PROC DADOS E EMPR.EMPRESAS PROC DADOS ESTADO DE SP.
35243,,,,Trabalhando,,DESENVOLVEDOR III,1410.0,SINDPD SP - SIND.TRAB.EM PROC DADOS E EMPR.EMPRESAS PROC DADOS ESTADO DE SP.
33827,,,,Trabalhando,,ANALISTA DE QUALIDADE DE SOFTWARE II,1410.0,SINDPD SP - SIND.TRAB.EM PROC DADOS E EMPR.EMPRESAS PROC DADOS ESTADO DE SP.
34834,,,,Trabalhando,,ANALISTA DE QUALIDADE DE SOFTWARE III,1410.0,SINDPD SP - SIND.TRAB.EM PROC DADOS E EMPR.EMPRESAS PROC DADOS ESTADO DE SP.
34645,,,,Trabalhando,,ANALISTA DE SISTEMAS E NEGOCIOS III,1410.0,SINDPD SP - SIND.TRAB.EM PROC DADOS E EMPR.EMPRESAS PROC DADOS ESTADO DE SP.
34499,,,,Férias,,ARQUITETO DE SOFTWARE III,1410.0,SINDPD SP - SIND.TRAB.EM PROC DADOS E EMPR.EMPRESAS PROC DADOS ESTADO DE SP.
35230,,,,Trabalhando,,PRODUCT OWNER III,1410.0,SINDPD SP - SIND.TRAB.EM PROC DADOS E EMPR.EMPRESAS PROC DADOS ESTADO DE SP.
35119,,,,Trabalhando,,COORDENADOR DE OPERACOES I,1410.0,SINDPD SP - SIND.TRAB.EM PROC DADOS E EMPR.EMPRESAS PROC DADOS ESTADO DE SP.
34864,,,,Trabalhando,,DESENVOLVEDOR II,1410.0,SINDPD SP - SIND.TRAB.EM PROC DADOS E EMPR.EMPRESAS PROC DADOS ESTADO DE SP.
32027,,,,Trabalhando,,DESENVOLVEDOR III,1410.0,SINDPD SP - SIND.TRAB.EM PROC DADOS E EMPR.EMPRESAS PROC DADOS ESTADO DE SP.
35174,,,,Trabalhando,,DESIGNER UX/UI III,1410.0,SINDPD SP - SIND.TRAB.EM PROC DADOS E EMPR.EMPRESAS PROC DADOS ESTADO DE SP.
33327,,,,Trabalhando,,DESENVOLVEDOR III,1410.0,SINDPD SP - SIND.TRAB.EM PROC DADOS E EMPR.EMPRESAS PROC DADOS ESTADO DE SP.
34409,,,,Trabalhando,,DESENVOLVEDOR III,1410.0,SINDPD SP - SIND.TRAB.EM PROC DADOS E EMPR.EMPRESAS PROC DADOS ESTADO DE SP.
34626,,,,Trabalhando,,DESENVOLVEDOR III,1410.0,SINDPD SP - SIND.TRAB.EM PROC DADOS E EMPR.EMPRESAS PROC DADOS ESTADO DE SP.
34731,,,,Auxílio Doença,,DESENVOLVEDOR II,1410.0,SINDPD SP - SIND.TRAB.EM PROC DADOS E EMPR.EMPRESAS PROC DADOS ESTADO DE SP.
35494,,,,Trabalhando,,ANALISTA DE DADOS III,1410.0,SINDPD SP - SIND.TRAB.EM PROC DADOS E EMPR.EMPRESAS PROC DADOS ESTADO DE SP.
35503,,,,Trabalhando,,ANALISTA DE DADOS III,1410.0,SINDPD SP - SIND.TRAB.EM PROC DADOS E EMPR.EMPRESAS PROC DADOS ESTADO DE SP.
33250,,,,Trabalhando,,CIENTISTA DE DADOS ESPECIALISTA II,1410.0,SINDPD SP - SIND.TRAB.EM PROC DADOS E EMPR.EMPRESAS PROC DADOS ESTADO DE SP.
35562,,,,Trabalhando,,DESENVOLVEDOR II,1410.0,SINDPD SP - SIND.TRAB.EM PROC DADOS E EMPR.EMPRESAS PROC DADOS ESTADO DE SP.
33974,,,,Trabalhando,,DESENVOLVEDOR III,1410.0,SINDPD SP - SIND.TRAB.EM PROC DADOS E EMPR.EMPRESAS PROC DADOS ESTADO DE SP.
35093,,,,Trabalhando,,ANALISTA DE COMERCIO EXTERIOR II,1410.0,SINDPD SP - SIND.TRAB.EM PROC DADOS E EMPR.EMPRESAS PROC DADOS ESTADO DE SP.
34647,,,,Trabalhando,,DESENVOLVEDOR DE RPA I,1410.0,SINDPD SP - SIND.TRAB.EM PROC DADOS E EMPR.EMPRESAS PROC DADOS ESTADO DE SP.
33863,,,,Férias,,DESENVOLVEDOR DE RPA III,1410.0,SINDPD SP - SIND.TRAB.EM PROC DADOS E EMPR.EMPRESAS PROC DADOS ESTADO DE SP.
33203,,,,Trabalhando,,PRODUCT OWNER II,1410.0,SINDPD SP - SIND.TRAB.EM PROC DADOS E EMPR.EMPRESAS PROC DADOS ESTADO DE SP.
33205,,,,Trabalhando,,DESENVOLVEDOR III,1410.0,SINDPD SP - SIND.TRAB.EM PROC DADOS E EMPR.EMPRESAS PROC DADOS ESTADO DE SP.
34284,,,,Trabalhando,,DESENVOLVEDOR III,1410.0,SINDPD SP - SIND.TRAB.EM PROC DADOS E EMPR.EMPRESAS PROC DADOS ESTADO DE SP.
35510,,,,Trabalhando,,ESPECIALISTA DE SISTEMAS E NEGOCIOS I,1410.0,SINDPD SP - SIND.TRAB.EM PROC DADOS E EMPR.EMPRESAS PROC DADOS ESTADO DE SP.
33081,,,,Trabalhando,,CONSULTOR FUNCIONAL SAP I,1410.0,SINDPD SP - SIND.TRAB.EM PROC DADOS E EMPR.EMPRESAS PROC DADOS ESTADO DE SP.
33082,,,,Trabalhando,,ANALISTA ADMINISTRATIVO I,1410.0,SINDPD SP - SIND.TRAB.EM PROC DADOS E EMPR.EMPRESAS PROC DADOS ESTADO DE SP.
34850,,,,Trabalhando,,ANALISTA ADMINISTRATIVO I,1410.0,SINDPD SP - SIND.TRAB.EM PROC DADOS E EMPR.EMPRESAS PROC DADOS ESTADO DE SP.
33089,,,,Trabalhando,,ANALISTA DE NEGOCIOS I,1410.0,SINDPD SP - SIND.TRAB.EM PROC DADOS E EMPR.EMPRESAS PROC DADOS ESTADO DE SP.
33103,,,,Trabalhando,,ANALISTA DE NEGOCIOS I,1410.0,SINDPD SP - SIND.TRAB.EM PROC DADOS E EMPR.EMPRESAS PROC DADOS ESTADO DE SP.
33944,,,,Trabalhando,,DESENVOLVEDOR I,1410.0,SINDPD SP - SIND.TRAB.EM PROC DADOS E EMPR.EMPRESAS PROC DADOS ESTADO DE SP.
33776,,,,Férias,,ANALISTA DE INFRAESTRUTURA DE TI II,1410.0,SINDPD SP - SIND.TRAB.EM PROC DADOS E EMPR.EMPRESAS PROC DADOS ESTADO DE SP.
35634,,,,Trabalhando,,ANALISTA DE INFRAESTRUTURA DE TI III,1410.0,SINDPD SP - SIND.TRAB.EM PROC DADOS E EMPR.EMPRESAS PROC DADOS ESTADO DE SP.
32062,,,,Trabalhando,,ESPECIALISTA DE PRE-VENDAS III,1410.0,SINDPD SP - SIND.TRAB.EM PROC DADOS E EMPR.EMPRESAS PROC DADOS ESTADO DE SP.
35142,,,,Trabalhando,,ESPECIALISTA DE PRE-VENDAS I,1410.0,SINDPD SP - SIND.TRAB.EM PROC DADOS E EMPR.EMPRESAS PROC DADOS ESTADO DE SP.
35157,,,,Trabalhando,,CONSULTOR TECNICO SAP I,1410.0,SINDPD SP - SIND.TRAB.EM PROC DADOS E EMPR.EMPRESAS PROC DADOS ESTADO DE SP.
31342,,,,Trabalhando,,ANALISTA DE QUALIDADE DE SOFTWARE II,1410.0,SINDPD SP - SIND.TRAB.EM PROC DADOS E EMPR.EMPRESAS PROC DADOS ESTADO DE SP.
34833,,,,Trabalhando,,ANALISTA DE PMO III,1410.0,SINDPD SP - SIND.TRAB.EM PROC DADOS E EMPR.EMPRESAS PROC DADOS ESTADO DE SP.
35138,,,,Trabalhando,,ANALISTA DE DADOS III,1410.0,SINDPD SP - SIND.TRAB.EM PROC DADOS E EMPR.EMPRESAS PROC DADOS ESTADO DE SP.
30086,,,,Trabalhando,,COORDENADOR DE GOVERNANCA DE NEGOCIOS,1410.0,SINDPD SP - SIND.TRAB.EM PROC DADOS E EMPR.EMPRESAS PROC DADOS ESTADO DE SP.
30852,,,,Trabalhando,,ANALISTA DEVSECOPS III,1410.0,SINDPD SP - SIND.TRAB.EM PROC DADOS E EMPR.EMPRESAS PROC DADOS ESTADO DE SP.
34161,,,,Trabalhando,,ANALISTA DE QUALIDADE DE SOFTWARE II,1410.0,SINDPD SP - SIND.TRAB.EM PROC DADOS E EMPR.EMPRESAS PROC DADOS ESTADO DE SP.
32007,,,,Trabalhando,,ANALISTA DE SISTEMAS E NEGOCIOS III,1410.0,SINDPD SP - SIND.TRAB.EM PROC DADOS E EMPR.EMPRESAS PROC DADOS ESTADO DE SP.
34191,,,,Trabalhando,,DESENVOLVEDOR II,1410.0,SINDPD SP - SIND.TRAB.EM PROC DADOS E EMPR.EMPRESAS PROC DADOS ESTADO DE SP.
34901,,,,Auxílio Doença,,DESENVOLVEDOR III,1410.0,SINDPD SP - SIND.TRAB.EM PROC DADOS E EMPR.EMPRESAS PROC DADOS ESTADO DE SP.
34947,,,,Trabalhando,,DESENVOLVEDOR III,1410.0,SINDPD SP - SIND.TRAB.EM PROC DADOS E EMPR.EMPRESAS PROC DADOS ESTADO DE SP.
33728,,,,Férias,,AGILE MASTER,1410.0,SINDPD SP - SIND.TRAB.EM PROC DADOS E EMPR.EMPRESAS PROC DADOS ESTADO DE SP.
33953,,,,Trabalhando,,COORDENADOR DE OPERACOES I,1410.0,SINDPD SP - SIND.TRAB.EM PROC DADOS E EMPR.EMPRESAS PROC DADOS ESTADO DE SP.
34705,,,,Trabalhando,,DESENVOLVEDOR III,1410.0,SINDPD SP - SIND.TRAB.EM PROC DADOS E EMPR.EMPRESAS PROC DADOS ESTADO DE SP.
34895,,,,Trabalhando,,DESENVOLVEDOR II,1410.0,SINDPD SP - SIND.TRAB.EM PROC DADOS E EMPR.EMPRESAS PROC DADOS ESTADO DE SP.
34075,,,,Trabalhando,,DESENVOLVEDOR I,1410.0,SINDPD SP - SIND.TRAB.EM PROC DADOS E EMPR.EMPRESAS PROC DADOS ESTADO DE SP.
35204,,,,Trabalhando,,ASSISTENTE DE NEGOCIOS I,1410.0,SINDPD SP - SIND.TRAB.EM PROC DADOS E EMPR.EMPRESAS PROC DADOS ESTADO DE SP.
35272,,,,Trabalhando,,ASSISTENTE DE NEGOCIOS I,1410.0,SINDPD SP - SIND.TRAB.EM PROC DADOS E EMPR.EMPRESAS PROC DADOS ESTADO DE SP.
33888,,,,Trabalhando,,EXECUTIVO DE CONTAS III,1410.0,SINDPD SP - SIND.TRAB.EM PROC DADOS E EMPR.EMPRESAS PROC DADOS ESTADO DE SP.
33494,,,,Trabalhando,,EXECUTIVO DE CONTAS III,1410.0,SINDPD SP - SIND.TRAB.EM PROC DADOS E EMPR.EMPRESAS PROC DADOS ESTADO DE SP.
31927,,,,Trabalhando,,ANALISTA DE NEGOCIOS I,1410.0,SINDPD SP - SIND.TRAB.EM PROC DADOS E EMPR.EMPRESAS PROC DADOS ESTADO DE SP.
34857,,,,Trabalhando,,ASSISTENTE DE NEGOCIOS III,1410.0,SINDPD SP - SIND.TRAB.EM PROC DADOS E EMPR.EMPRESAS PROC DADOS ESTADO DE SP.
31664,,,,Trabalhando,,ANALISTA DE NEGOCIOS I,1410.0,SINDPD SP - SIND.TRAB.EM PROC DADOS E EMPR.EMPRESAS PROC DADOS ESTADO DE SP.
33208,,,,Trabalhando,,ANALISTA DE NEGOCIOS I,1410.0,SINDPD SP - SIND.TRAB.EM PROC DADOS E EMPR.EMPRESAS PROC DADOS ESTADO DE SP.
34037,,,,Trabalhando,,SDR II,1410.0,SINDPD SP - SIND.TRAB.EM PROC DADOS E EMPR.EMPRESAS PROC DADOS ESTADO DE SP.
30791,,,,Trabalhando,,AGILE MASTER,1410.0,SINDPD SP - SIND.TRAB.EM PROC DADOS E EMPR.EMPRESAS PROC DADOS ESTADO DE SP.
33308,,,,Trabalhando,,DESIGNER UX/UI III,1410.0,SINDPD SP - SIND.TRAB.EM PROC DADOS E EMPR.EMPRESAS PROC DADOS ESTADO DE SP.
34702,,,,Trabalhando,,ESPECIALISTA DE QUALIDADE DE SOFTWARE I ,1410.0,SINDPD SP - SIND.TRAB.EM PROC DADOS E EMPR.EMPRESAS PROC DADOS ESTADO DE SP.
34591,,,,Trabalhando,,DESENVOLVEDOR III,1410.0,SINDPD SP - SIND.TRAB.EM PROC DADOS E EMPR.EMPRESAS PROC DADOS ESTADO DE SP.
34434,,,,Trabalhando,,CIENTISTA DE DADOS III,1410.0,SINDPD SP - SIND.TRAB.EM PROC DADOS E EMPR.EMPRESAS PROC DADOS ESTADO DE SP.
34505,,,,Trabalhando,,ANALISTA DEVSECOPS III,1410.0,SINDPD SP - SIND.TRAB.EM PROC DADOS E EMPR.EMPRESAS PROC DADOS ESTADO DE SP.
34459,,,,Trabalhando,,DESENVOLVEDOR I,1410.0,SINDPD SP - SIND.TRAB.EM PROC DADOS E EMPR.EMPRESAS PROC DADOS ESTADO DE SP.
35082,,,,Trabalhando,,ENGENHEIRO DE DADOS I,1410.0,SINDPD SP - SIND.TRAB.EM PROC DADOS E EMPR.EMPRESAS PROC DADOS ESTADO DE SP.
35080,,,,Trabalhando,,ANALISTA DE DADOS II,1410.0,SINDPD SP - SIND.TRAB.EM PROC DADOS E EMPR.EMPRESAS PROC DADOS ESTADO DE SP.
30291,,,,Trabalhando,,ANALISTA DE DADOS III,1410.0,SINDPD SP - SIND.TRAB.EM PROC DADOS E EMPR.EMPRESAS PROC DADOS ESTADO DE SP.
30896,,,,Trabalhando,,ANALISTA DE QUALIDADE DE SOFTWARE II,1410.0,SINDPD SP - SIND.TRAB.EM PROC DADOS E EMPR.EMPRESAS PROC DADOS ESTADO DE SP.
34844,,,,Trabalhando,,DESENVOLVEDOR I,1410.0,SINDPD SP - SIND.TRAB.EM PROC DADOS E EMPR.EMPRESAS PROC DADOS ESTADO DE SP.
34188,,,,Trabalhando,,PRODUCT OWNER III,1410.0,SINDPD SP - SIND.TRAB.EM PROC DADOS E EMPR.EMPRESAS PROC DADOS ESTADO DE SP.
34205,,,,Trabalhando,,DESENVOLVEDOR III,1410.0,SINDPD SP - SIND.TRAB.EM PROC DADOS E EMPR.EMPRESAS PROC DADOS ESTADO DE SP.
35017,,,,Trabalhando,,DESENVOLVEDOR III,1410.0,SINDPD SP - SIND.TRAB.EM PROC DADOS E EMPR.EMPRESAS PROC DADOS ESTADO DE SP.
35690,,,,Trabalhando,,DESENVOLVEDOR III,1410.0,SINDPD SP - SIND.TRAB.EM PROC DADOS E EMPR.EMPRESAS PROC DADOS ESTADO DE SP.
35616,,,,Trabalhando,,ENTERPRISE AGILE COACH,1410.0,SINDPD SP - SIND.TRAB.EM PROC DADOS E EMPR.EMPRESAS PROC DADOS ESTADO DE SP.
35382,,,,Trabalhando,,AGILE MASTER,1410.0,SINDPD SP - SIND.TRAB.EM PROC DADOS E EMPR.EMPRESAS PROC DADOS ESTADO DE SP.
35491,,,,Trabalhando,,AGILE MASTER,1410.0,SINDPD SP - SIND.TRAB.EM PROC DADOS E EMPR.EMPRESAS PROC DADOS ESTADO DE SP.
34858,,,,Trabalhando,,ANALISTA DE PROCESSOS III,1410.0,SINDPD SP - SIND.TRAB.EM PROC DADOS E EMPR.EMPRESAS PROC DADOS ESTADO DE SP.
32225,,,,Trabalhando,,AGILE MASTER,1410.0,SINDPD SP - SIND.TRAB.EM PROC DADOS E EMPR.EMPRESAS PROC DADOS ESTADO DE SP.
34535,,,,Trabalhando,,AGILE MASTER,1410.0,SINDPD SP - SIND.TRAB.EM PROC DADOS E EMPR.EMPRESAS PROC DADOS ESTADO DE SP.
34982,,,,Trabalhando,,AGILE MASTER,1410.0,SINDPD SP - SIND.TRAB.EM PROC DADOS E EMPR.EMPRESAS PROC DADOS ESTADO DE SP.
35065,,,,Trabalhando,,AGILE MASTER,1410.0,SINDPD SP - SIND.TRAB.EM PROC DADOS E EMPR.EMPRESAS PROC DADOS ESTADO DE SP.
35206,,,,Trabalhando,,AGILE MASTER,1410.0,SINDPD SP - SIND.TRAB.EM PROC DADOS E EMPR.EMPRESAS PROC DADOS ESTADO DE SP.
34738,,,,Trabalhando,,PRODUCT OWNER III,1410.0,SINDPD SP - SIND.TRAB.EM PROC DADOS E EMPR.EMPRESAS PROC DADOS ESTADO DE SP.
35140,,,,Trabalhando,,ENGENHEIRO DE DADOS II,1410.0,SINDPD SP - SIND.TRAB.EM PROC DADOS E EMPR.EMPRESAS PROC DADOS ESTADO DE SP.
31976,,,,Trabalhando,,ENGENHEIRO DE DADOS III,1410.0,SINDPD SP - SIND.TRAB.EM PROC DADOS E EMPR.EMPRESAS PROC DADOS ESTADO DE SP.
26925,,,,Trabalhando,,ANALISTA DE DADOS III,1410.0,SINDPD SP - SIND.TRAB.EM PROC DADOS E EMPR.EMPRESAS PROC DADOS ESTADO DE SP.
27761,,,,Trabalhando,,ANALISTA DE DADOS III,1410.0,SINDPD SP - SIND.TRAB.EM PROC DADOS E EMPR.EMPRESAS PROC DADOS ESTADO DE SP.
30156,,,,Trabalhando,,ANALISTA DE DADOS III,1410.0,SINDPD SP - SIND.TRAB.EM PROC DADOS E EMPR.EMPRESAS PROC DADOS ESTADO DE SP.
31152,,,,Trabalhando,,ANALISTA DE DADOS III,1410.0,SINDPD SP - SIND.TRAB.EM PROC DADOS E EMPR.EMPRESAS PROC DADOS ESTADO DE SP.
31424,,,,Trabalhando,,ANALISTA DE DADOS III,1410.0,SINDPD SP - SIND.TRAB.EM PROC DADOS E EMPR.EMPRESAS PROC DADOS ESTADO DE SP.
32089,,,,Trabalhando,,EXECUTIVO DE CONTAS I,1410.0,SINDPD SP - SIND.TRAB.EM PROC DADOS E EMPR.EMPRESAS PROC DADOS ESTADO DE SP.
31852,,,,Trabalhando,,EXECUTIVO DE CONTAS I,1410.0,SINDPD SP - SIND.TRAB.EM PROC DADOS E EMPR.EMPRESAS PROC DADOS ESTADO DE SP.
35582,,,,Trabalhando,,GERENTE DE OPERACOES I,1410.0,SINDPD SP - SIND.TRAB.EM PROC DADOS E EMPR.EMPRESAS PROC DADOS ESTADO DE SP.
35553,,,,Trabalhando,,DESENVOLVEDOR III,1410.0,SINDPD SP - SIND.TRAB.EM PROC DADOS E EMPR.EMPRESAS PROC DADOS ESTADO DE SP.
35583,,,,Trabalhando,,DESENVOLVEDOR III,1410.0,SINDPD SP - SIND.TRAB.EM PROC DADOS E EMPR.EMPRESAS PROC DADOS ESTADO DE SP.
26720,,,,Trabalhando,,DESENVOLVEDOR III,1410.0,SINDPD SP - SIND.TRAB.EM PROC DADOS E EMPR.EMPRESAS PROC DADOS ESTADO DE SP.
26967,,,,Trabalhando,,DESENVOLVEDOR III,1410.0,SINDPD SP - SIND.TRAB.EM PROC DADOS E EMPR.EMPRESAS PROC DADOS ESTADO DE SP.
21827,,,,Trabalhando,,DESENVOLVEDOR III,1410.0,SINDPD SP - SIND.TRAB.EM PROC DADOS E EMPR.EMPRESAS PROC DADOS ESTADO DE SP.
33517,,,,Trabalhando,,DESENVOLVEDOR III,1410.0,SINDPD SP - SIND.TRAB.EM PROC DADOS E EMPR.EMPRESAS PROC DADOS ESTADO DE SP.
32309,,,,Trabalhando,,DESENVOLVEDOR III,1410.0,SINDPD SP - SIND.TRAB.EM PROC DADOS E EMPR.EMPRESAS PROC DADOS ESTADO DE SP.
31949,,,,Trabalhando,,DESENVOLVEDOR I,1410.0,SINDPD SP - SIND.TRAB.EM PROC DADOS E EMPR.EMPRESAS PROC DADOS ESTADO DE SP.
33204,,,,Trabalhando,,DESENVOLVEDOR I,1410.0,SINDPD SP - SIND.TRAB.EM PROC DADOS E EMPR.EMPRESAS PROC DADOS ESTADO DE SP.
33804,,,,Trabalhando,,ANALISTA DE QUALIDADE DE SOFTWARE II,1410.0,SINDPD SP - SIND.TRAB.EM PROC DADOS E EMPR.EMPRESAS PROC DADOS ESTADO DE SP.
33815,,,,Trabalhando,,ANALISTA DE QUALIDADE DE SOFTWARE II,1410.0,SINDPD SP - SIND.TRAB.EM PROC DADOS E EMPR.EMPRESAS PROC DADOS ESTADO DE SP.
30451,,,,Trabalhando,,ANALISTA DE QUALIDADE DE SOFTWARE III,1410.0,SINDPD SP - SIND.TRAB.EM PROC DADOS E EMPR.EMPRESAS PROC DADOS ESTADO DE SP.
32119,,,,Trabalhando,,ANALISTA DE SISTEMAS E NEGOCIOS III,1410.0,SINDPD SP - SIND.TRAB.EM PROC DADOS E EMPR.EMPRESAS PROC DADOS ESTADO DE SP.
32462,,,,Trabalhando,,ANALISTA DE SISTEMAS E NEGOCIOS III,1410.0,SINDPD SP - SIND.TRAB.EM PROC DADOS E EMPR.EMPRESAS PROC DADOS ESTADO DE SP.
33784,,,,Trabalhando,,ANALISTA DE SUPORTE I,1410.0,SINDPD SP - SIND.TRAB.EM PROC DADOS E EMPR.EMPRESAS PROC DADOS ESTADO DE SP.
33712,,,,Férias,,ANALISTA DE SUPORTE III,1410.0,SINDPD SP - SIND.TRAB.EM PROC DADOS E EMPR.EMPRESAS PROC DADOS ESTADO DE SP.
25724,,,,Trabalhando,,GERENTE DE OPERACOES II,1410.0,SINDPD SP - SIND.TRAB.EM PROC DADOS E EMPR.EMPRESAS PROC DADOS ESTADO DE SP.
24778,,,,Trabalhando,,GERENTE DE PROJETOS II,1410.0,SINDPD SP - SIND.TRAB.EM PROC DADOS E EMPR.EMPRESAS PROC DADOS ESTADO DE SP.
26745,,,,Trabalhando,,GERENTE DE PROJETOS II,1410.0,SINDPD SP - SIND.TRAB.EM PROC DADOS E EMPR.EMPRESAS PROC DADOS ESTADO DE SP.
30708,,,,Trabalhando,,GERENTE DE PROJETOS II,1410.0,SINDPD SP - SIND.TRAB.EM PROC DADOS E EMPR.EMPRESAS PROC DADOS ESTADO DE SP.
31730,,,,Trabalhando,,GERENTE DE PROJETOS II,1410.0,SINDPD SP - SIND.TRAB.EM PROC DADOS E EMPR.EMPRESAS PROC DADOS ESTADO DE SP.
33564,,,,Trabalhando,,GERENTE DE PROJETOS II,1410.0,SINDPD SP - SIND.TRAB.EM PROC DADOS E EMPR.EMPRESAS PROC DADOS ESTADO DE SP.
34906,,,,Trabalhando,,PRODUCT OWNER III,1410.0,SINDPD SP - SIND.TRAB.EM PROC DADOS E EMPR.EMPRESAS PROC DADOS ESTADO DE SP.
35154,,,,Trabalhando,,PRODUCT OWNER III,1410.0,SINDPD SP - SIND.TRAB.EM PROC DADOS E EMPR.EMPRESAS PROC DADOS ESTADO DE SP.
34547,,,,Trabalhando,,COORDENADOR DE OPERACOES I,1410.0,SINDPD SP - SIND.TRAB.EM PROC DADOS E EMPR.EMPRESAS PROC DADOS ESTADO DE SP.
30276,,,,Férias,,LIDER TECNICO SENIOR,1410.0,SINDPD SP - SIND.TRAB.EM PROC DADOS E EMPR.EMPRESAS PROC DADOS ESTADO DE SP.
32625,,,,Trabalhando,,DESENVOLVEDOR III,1410.0,SINDPD SP - SIND.TRAB.EM PROC DADOS E EMPR.EMPRESAS PROC DADOS ESTADO DE SP.
33374,,,,Trabalhando,,DESENVOLVEDOR III,1410.0,SINDPD SP - SIND.TRAB.EM PROC DADOS E EMPR.EMPRESAS PROC DADOS ESTADO DE SP.
34949,,,,Trabalhando,,DESENVOLVEDOR III,1410.0,SINDPD SP - SIND.TRAB.EM PROC DADOS E EMPR.EMPRESAS PROC DADOS ESTADO DE SP.
30707,,,,Trabalhando,,DESENVOLVEDOR III,1410.0,SINDPD SP - SIND.TRAB.EM PROC DADOS E EMPR.EMPRESAS PROC DADOS ESTADO DE SP.
32260,,,,Trabalhando,,DESENVOLVEDOR III,1410.0,SINDPD SP - SIND.TRAB.EM PROC DADOS E EMPR.EMPRESAS PROC DADOS ESTADO DE SP.
34449,,,,Trabalhando,,DESENVOLVEDOR III,1410.0,SINDPD SP - SIND.TRAB.EM PROC DADOS E EMPR.EMPRESAS PROC DADOS ESTADO DE SP.
34225,,,,Trabalhando,,DESENVOLVEDOR III,1410.0,SINDPD SP - SIND.TRAB.EM PROC DADOS E EMPR.EMPRESAS PROC DADOS ESTADO DE SP.
30239,,,,Trabalhando,,AGILE MASTER,1410.0,SINDPD SP - SIND.TRAB.EM PROC DADOS E EMPR.EMPRESAS PROC DADOS ESTADO DE SP.
34640,,,,Trabalhando,,AGILE MASTER,1410.0,SINDPD SP - SIND.TRAB.EM PROC DADOS E EMPR.EMPRESAS PROC DADOS ESTADO DE SP.
34054,,,,Trabalhando,,TECH LEAD II,1410.0,SINDPD SP - SIND.TRAB.EM PROC DADOS E EMPR.EMPRESAS PROC DADOS ESTADO DE SP.
34026,,,,Trabalhando,,ADMINISTRADOR DE BANCO DE DADOS III,1410.0,SINDPD SP - SIND.TRAB.EM PROC DADOS E EMPR.EMPRESAS PROC DADOS ESTADO DE SP.
33504,,,,Trabalhando,,ARQUITETO DE INFRAESTRUTURA DE TI I,1410.0,SINDPD SP - SIND.TRAB.EM PROC DADOS E EMPR.EMPRESAS PROC DADOS ESTADO DE SP.
34843,,,,Trabalhando,,ANALISTA DE DADOS III,1410.0,SINDPD SP - SIND.TRAB.EM PROC DADOS E EMPR.EMPRESAS PROC DADOS ESTADO DE SP.
34979,,,,Trabalhando,,ARQUITETO DE INFRAESTRUTURA DE TI I,1410.0,SINDPD SP - SIND.TRAB.EM PROC DADOS E EMPR.EMPRESAS PROC DADOS ESTADO DE SP.
34728,,,,Trabalhando,,TECH RECRUITER II,1410.0,SINDPD SP - SIND.TRAB.EM PROC DADOS E EMPR.EMPRESAS PROC DADOS ESTADO DE SP.
32825,,,,Trabalhando,,GERENTE DE PROJETOS I,1410.0,SINDPD SP - SIND.TRAB.EM PROC DADOS E EMPR.EMPRESAS PROC DADOS ESTADO DE SP.
34958,,,,Trabalhando,,ANALISTA DE QUALIDADE DE SOFTWARE II,1410.0,SINDPD SP - SIND.TRAB.EM PROC DADOS E EMPR.EMPRESAS PROC DADOS ESTADO DE SP.
34942,,,,Trabalhando,,DESENVOLVEDOR II,1410.0,SINDPD SP - SIND.TRAB.EM PROC DADOS E EMPR.EMPRESAS PROC DADOS ESTADO DE SP.
35076,,,,Trabalhando,,DESENVOLVEDOR II,1410.0,SINDPD SP - SIND.TRAB.EM PROC DADOS E EMPR.EMPRESAS PROC DADOS ESTADO DE SP.
35109,,,,Trabalhando,,DESENVOLVEDOR II,1410.0,SINDPD SP - SIND.TRAB.EM PROC DADOS E EMPR.EMPRESAS PROC DADOS ESTADO DE SP.
35137,,,,Trabalhando,,DESENVOLVEDOR II,1410.0,SINDPD SP - SIND.TRAB.EM PROC DADOS E EMPR.EMPRESAS PROC DADOS ESTADO DE SP.
34940,,,,Trabalhando,,DESENVOLVEDOR III,1410.0,SINDPD SP - SIND.TRAB.EM PROC DADOS E EMPR.EMPRESAS PROC DADOS ESTADO DE SP.
35020,,,,Trabalhando,,DESENVOLVEDOR III,1410.0,SINDPD SP - SIND.TRAB.EM PROC DADOS E EMPR.EMPRESAS PROC DADOS ESTADO DE SP.
35617,,,,Trabalhando,,ANALISTA DE DADOS II,1410.0,SINDPD SP - SIND.TRAB.EM PROC DADOS E EMPR.EMPRESAS PROC DADOS ESTADO DE SP.
35032,,,,Trabalhando,,ANALISTA DEVSECOPS III,1410.0,SINDPD SP - SIND.TRAB.EM PROC DADOS E EMPR.EMPRESAS PROC DADOS ESTADO DE SP.
35021,,,,Trabalhando,,ANALISTA DE QUALIDADE DE SOFTWARE III,1410.0,SINDPD SP - SIND.TRAB.EM PROC DADOS E EMPR.EMPRESAS PROC DADOS ESTADO DE SP.
35658,,,,Trabalhando,,PRODUCT OWNER III,1410.0,SINDPD SP - SIND.TRAB.EM PROC DADOS E EMPR.EMPRESAS PROC DADOS ESTADO DE SP.
33222,,,,Trabalhando,,ANALISTA DE SUPORTE I,1410.0,SINDPD SP - SIND.TRAB.EM PROC DADOS E EMPR.EMPRESAS PROC DADOS ESTADO DE SP.
35126,,,,Trabalhando,,ANALISTA DE SUPORTE I,1410.0,SINDPD SP - SIND.TRAB.EM PROC DADOS E EMPR.EMPRESAS PROC DADOS ESTADO DE SP.
32455,,,,Trabalhando,,LIDER DE SAP,1410.0,SINDPD SP - SIND.TRAB.EM PROC DADOS E EMPR.EMPRESAS PROC DADOS ESTADO DE SP.
31597,,,,Trabalhando,,DESENVOLVEDOR III,1410.0,SINDPD SP - SIND.TRAB.EM PROC DADOS E EMPR.EMPRESAS PROC DADOS ESTADO DE SP.
30249,,,,Férias,,ENTERPRISE AGILE COACH,1410.0,SINDPD SP - SIND.TRAB.EM PROC DADOS E EMPR.EMPRESAS PROC DADOS ESTADO DE SP.
33226,,,,Trabalhando,,PRODUCT OWNER III,1410.0,SINDPD SP - SIND.TRAB.EM PROC DADOS E EMPR.EMPRESAS PROC DADOS ESTADO DE SP.
28899,,,,Trabalhando,,ARQUITETO DE SOLUCOES I,1410.0,SINDPD SP - SIND.TRAB.EM PROC DADOS E EMPR.EMPRESAS PROC DADOS ESTADO DE SP.
34887,,,,Trabalhando,,DESENVOLVEDOR II,1410.0,SINDPD SP - SIND.TRAB.EM PROC DADOS E EMPR.EMPRESAS PROC DADOS ESTADO DE SP.
30492,,,,Trabalhando,,CONSULTOR TECNICO SAP III,1410.0,SINDPD SP - SIND.TRAB.EM PROC DADOS E EMPR.EMPRESAS PROC DADOS ESTADO DE SP.
31061,,,,Férias,,CONSULTOR TECNICO SAP III,1410.0,SINDPD SP - SIND.TRAB.EM PROC DADOS E EMPR.EMPRESAS PROC DADOS ESTADO DE SP.
33952,,,,Trabalhando,,CONSULTOR TECNICO SAP III,1410.0,SINDPD SP - SIND.TRAB.EM PROC DADOS E EMPR.EMPRESAS PROC DADOS ESTADO DE SP.
31056,,,,Trabalhando,,DESENVOLVEDOR II,1410.0,SINDPD SP - SIND.TRAB.EM PROC DADOS E EMPR.EMPRESAS PROC DADOS ESTADO DE SP.
33868,,,,Trabalhando,,ANALISTA DE QUALIDADE DE SOFTWARE II,1410.0,SINDPD SP - SIND.TRAB.EM PROC DADOS E EMPR.EMPRESAS PROC DADOS ESTADO DE SP.
33872,,,,Trabalhando,,ANALISTA DE QUALIDADE DE SOFTWARE II,1410.0,SINDPD SP - SIND.TRAB.EM PROC DADOS E EMPR.EMPRESAS PROC DADOS ESTADO DE SP.
34082,,,,Trabalhando,,ANALISTA DE QUALIDADE DE SOFTWARE II,1410.0,SINDPD SP - SIND.TRAB.EM PROC DADOS E EMPR.EMPRESAS PROC DADOS ESTADO DE SP.
32778,,,,Trabalhando,,DESENVOLVEDOR II,1410.0,SINDPD SP - SIND.TRAB.EM PROC DADOS E EMPR.EMPRESAS PROC DADOS ESTADO DE SP.
34813,,,,Trabalhando,,DESENVOLVEDOR II,1410.0,SINDPD SP - SIND.TRAB.EM PROC DADOS E EMPR.EMPRESAS PROC DADOS ESTADO DE SP.
34470,,,,Trabalhando,,DESENVOLVEDOR III,1410.0,SINDPD SP - SIND.TRAB.EM PROC DADOS E EMPR.EMPRESAS PROC DADOS ESTADO DE SP.
34190,,,,Trabalhando,,ADMINISTRADOR DE BANCO DE DADOS III,1410.0,SINDPD SP - SIND.TRAB.EM PROC DADOS E EMPR.EMPRESAS PROC DADOS ESTADO DE SP.
35077,,,,Trabalhando,,DESENVOLVEDOR II,1410.0,SINDPD SP - SIND.TRAB.EM PROC DADOS E EMPR.EMPRESAS PROC DADOS ESTADO DE SP.
33114,,,,Férias,,ENTERPRISE AGILE COACH,1410.0,SINDPD SP - SIND.TRAB.EM PROC DADOS E EMPR.EMPRESAS PROC DADOS ESTADO DE SP.
31329,,,,Trabalhando,,AGILE MASTER,1410.0,SINDPD SP - SIND.TRAB.EM PROC DADOS E EMPR.EMPRESAS PROC DADOS ESTADO DE SP.
31476,,,,Trabalhando,,ANALISTA DE QUALIDADE DE SOFTWARE III,1410.0,SINDPD SP - SIND.TRAB.EM PROC DADOS E EMPR.EMPRESAS PROC DADOS ESTADO DE SP.
31737,,,,Trabalhando,,COORDENADOR DE OPERACOES I,1410.0,SINDPD SP - SIND.TRAB.EM PROC DADOS E EMPR.EMPRESAS PROC DADOS ESTADO DE SP.
33824,,,,Trabalhando,,DESENVOLVEDOR III,1410.0,SINDPD SP - SIND.TRAB.EM PROC DADOS E EMPR.EMPRESAS PROC DADOS ESTADO DE SP.
30800,,,,Trabalhando,,ANALISTA DE DADOS II,1410.0,SINDPD SP - SIND.TRAB.EM PROC DADOS E EMPR.EMPRESAS PROC DADOS ESTADO DE SP.
31662,,,,Trabalhando,,ANALISTA DE DADOS III,1410.0,SINDPD SP - SIND.TRAB.EM PROC DADOS E EMPR.EMPRESAS PROC DADOS ESTADO DE SP.
32066,,,,Trabalhando,,ANALISTA DE CORPORATE VENTURE II,1410.0,SINDPD SP - SIND.TRAB.EM PROC DADOS E EMPR.EMPRESAS PROC DADOS ESTADO DE SP.
31622,,,,Trabalhando,,DESENVOLVEDOR II,1410.0,SINDPD SP - SIND.TRAB.EM PROC DADOS E EMPR.EMPRESAS PROC DADOS ESTADO DE SP.
31159,,,,Trabalhando,,DESENVOLVEDOR III,1410.0,SINDPD SP - SIND.TRAB.EM PROC DADOS E EMPR.EMPRESAS PROC DADOS ESTADO DE SP.
26742,,,,Trabalhando,,DESENVOLVEDOR III,1410.0,SINDPD SP - SIND.TRAB.EM PROC DADOS E EMPR.EMPRESAS PROC DADOS ESTADO DE SP.
32640,,,,Trabalhando,,DESENVOLVEDOR III,1410.0,SINDPD SP - SIND.TRAB.EM PROC DADOS E EMPR.EMPRESAS PROC DADOS ESTADO DE SP.
29291,,,,Trabalhando,,ANALISTA DE PMO III,1410.0,SINDPD SP - SIND.TRAB.EM PROC DADOS E EMPR.EMPRESAS PROC DADOS ESTADO DE SP.
32867,,,,Trabalhando,,DESENVOLVEDOR III,1410.0,SINDPD SP - SIND.TRAB.EM PROC DADOS E EMPR.EMPRESAS PROC DADOS ESTADO DE SP.
31432,,,,Trabalhando,,DESENVOLVEDOR I,1410.0,SINDPD SP - SIND.TRAB.EM PROC DADOS E EMPR.EMPRESAS PROC DADOS ESTADO DE SP.
33577,,,,Trabalhando,,ANALISTA DE PMO II,1410.0,SINDPD SP - SIND.TRAB.EM PROC DADOS E EMPR.EMPRESAS PROC DADOS ESTADO DE SP.
34164,,,,Trabalhando,,DESENVOLVEDOR II,1410.0,SINDPD SP - SIND.TRAB.EM PROC DADOS E EMPR.EMPRESAS PROC DADOS ESTADO DE SP.
32917,,,,Trabalhando,,ANALISTA DE SUPORTE I,1410.0,SINDPD SP - SIND.TRAB.EM PROC DADOS E EMPR.EMPRESAS PROC DADOS ESTADO DE SP.
32935,,,,Trabalhando,,ANALISTA DE SUPORTE I,1410.0,SINDPD SP - SIND.TRAB.EM PROC DADOS E EMPR.EMPRESAS PROC DADOS ESTADO DE SP.
34569,,,,Trabalhando,,ANALISTA DE SUPORTE I,1410.0,SINDPD SP - SIND.TRAB.EM PROC DADOS E EMPR.EMPRESAS PROC DADOS ESTADO DE SP.
35122,,,,Trabalhando,,ANALISTA DE SUPORTE I,1410.0,SINDPD SP - SIND.TRAB.EM PROC DADOS E EMPR.EMPRESAS PROC DADOS ESTADO DE SP.
35124,,,,Trabalhando,,ANALISTA DE SUPORTE I,1410.0,SINDPD SP - SIND.TRAB.EM PROC DADOS E EMPR.EMPRESAS PROC DADOS ESTADO DE SP.
34881,,,,Trabalhando,,CONSULTOR FUNCIONAL SAP III,1410.0,SINDPD SP - SIND.TRAB.EM PROC DADOS E EMPR.EMPRESAS PROC DADOS ESTADO DE SP.
34451,,,,Trabalhando,,ESPECIALISTA DE PRE-VENDAS I,1410.0,SINDPD SP - SIND.TRAB.EM PROC DADOS E EMPR.EMPRESAS PROC DADOS ESTADO DE SP.
34604,,,,Trabalhando,,ESPECIALISTA DE PRE-VENDAS II,1410.0,SINDPD SP - SIND.TRAB.EM PROC DADOS E EMPR.EMPRESAS PROC DADOS ESTADO DE SP.
31183,,,,Trabalhando,,DESENVOLVEDOR II,1410.0,SINDPD SP - SIND.TRAB.EM PROC DADOS E EMPR.EMPRESAS PROC DADOS ESTADO DE SP.
30441,,,,Trabalhando,,DESENVOLVEDOR II,1410.0,SINDPD SP - SIND.TRAB.EM PROC DADOS E EMPR.EMPRESAS PROC DADOS ESTADO DE SP.
30855,,,,Trabalhando,,DESENVOLVEDOR II,1410.0,SINDPD SP - SIND.TRAB.EM PROC DADOS E EMPR.EMPRESAS PROC DADOS ESTADO DE SP.
33831,,,,Trabalhando,,ANALISTA DE QUALIDADE DE SOFTWARE II,1410.0,SINDPD SP - SIND.TRAB.EM PROC DADOS E EMPR.EMPRESAS PROC DADOS ESTADO DE SP.
33189,,,,Trabalhando,,DESENVOLVEDOR II,1410.0,SINDPD SP - SIND.TRAB.EM PROC DADOS E EMPR.EMPRESAS PROC DADOS ESTADO DE SP.
34644,,,,Trabalhando,,DESENVOLVEDOR III,1410.0,SINDPD SP - SIND.TRAB.EM PROC DADOS E EMPR.EMPRESAS PROC DADOS ESTADO DE SP.
34896,,,,Trabalhando,,ANALISTA DE SERVICE LEVEL MANAGEMENT I,1410.0,SINDPD SP - SIND.TRAB.EM PROC DADOS E EMPR.EMPRESAS PROC DADOS ESTADO DE SP.
33011,,,,Trabalhando,,DESENVOLVEDOR II,1410.0,SINDPD SP - SIND.TRAB.EM PROC DADOS E EMPR.EMPRESAS PROC DADOS ESTADO DE SP.
33401,,,,Trabalhando,,DESENVOLVEDOR II,1410.0,SINDPD SP - SIND.TRAB.EM PROC DADOS E EMPR.EMPRESAS PROC DADOS ESTADO DE SP.
33845,,,,Trabalhando,,DESENVOLVEDOR II,1410.0,SINDPD SP - SIND.TRAB.EM PROC DADOS E EMPR.EMPRESAS PROC DADOS ESTADO DE SP.
34089,,,,Trabalhando,,DESENVOLVEDOR II,1410.0,SINDPD SP - SIND.TRAB.EM PROC DADOS E EMPR.EMPRESAS PROC DADOS ESTADO DE SP.
34336,,,,Trabalhando,,DESENVOLVEDOR II,1410.0,SINDPD SP - SIND.TRAB.EM PROC DADOS E EMPR.EMPRESAS PROC DADOS ESTADO DE SP.
34281,,,,Trabalhando,,DESENVOLVEDOR III,1410.0,SINDPD SP - SIND.TRAB.EM PROC DADOS E EMPR.EMPRESAS PROC DADOS ESTADO DE SP.
34914,,,,Trabalhando,,DESENVOLVEDOR III,1410.0,SINDPD SP - SIND.TRAB.EM PROC DADOS E EMPR.EMPRESAS PROC DADOS ESTADO DE SP.
33917,,,,Trabalhando,,DESENVOLVEDOR III,1410.0,SINDPD SP - SIND.TRAB.EM PROC DADOS E EMPR.EMPRESAS PROC DADOS ESTADO DE SP.
33889,,,,Trabalhando,,ANALISTA DE SUPORTE I,1410.0,SINDPD SP - SIND.TRAB.EM PROC DADOS E EMPR.EMPRESAS PROC DADOS ESTADO DE SP.
34570,,,,Trabalhando,,ANALISTA DE SUPORTE I,1410.0,SINDPD SP - SIND.TRAB.EM PROC DADOS E EMPR.EMPRESAS PROC DADOS ESTADO DE SP.
33894,,,,Trabalhando,,ANALISTA DE SUPORTE III,1410.0,SINDPD SP - SIND.TRAB.EM PROC DADOS E EMPR.EMPRESAS PROC DADOS ESTADO DE SP.
33946,,,,Trabalhando,,ANALISTA DE SUPORTE III,1410.0,SINDPD SP - SIND.TRAB.EM PROC DADOS E EMPR.EMPRESAS PROC DADOS ESTADO DE SP.
25707,,,,Trabalhando,,GERENTE DE PROJETOS II,1410.0,SINDPD SP - SIND.TRAB.EM PROC DADOS E EMPR.EMPRESAS PROC DADOS ESTADO DE SP.
34687,,,,Trabalhando,,ANALISTA DE DADOS II,1410.0,SINDPD SP - SIND.TRAB.EM PROC DADOS E EMPR.EMPRESAS PROC DADOS ESTADO DE SP.
34469,,,,Trabalhando,,DESENVOLVEDOR II,1410.0,SINDPD SP - SIND.TRAB.EM PROC DADOS E EMPR.EMPRESAS PROC DADOS ESTADO DE SP.
35050,,,,Trabalhando,,DESENVOLVEDOR II,1410.0,SINDPD SP - SIND.TRAB.EM PROC DADOS E EMPR.EMPRESAS PROC DADOS ESTADO DE SP.
33451,,,,Trabalhando,,TECH LEAD II,1410.0,SINDPD SP - SIND.TRAB.EM PROC DADOS E EMPR.EMPRESAS PROC DADOS ESTADO DE SP.
34500,,,,Trabalhando,,CONSULTOR TECNICO SAP I,1410.0,SINDPD SP - SIND.TRAB.EM PROC DADOS E EMPR.EMPRESAS PROC DADOS ESTADO DE SP.
31562,,,,Trabalhando,,CONSULTOR TECNICO SAP I,1410.0,SINDPD SP - SIND.TRAB.EM PROC DADOS E EMPR.EMPRESAS PROC DADOS ESTADO DE SP.
32269,,,,Trabalhando,,CONSULTOR FUNCIONAL SAP I,1410.0,SINDPD SP - SIND.TRAB.EM PROC DADOS E EMPR.EMPRESAS PROC DADOS ESTADO DE SP.
33090,,,,Trabalhando,,CONSULTOR FUNCIONAL SAP I,1410.0,SINDPD SP - SIND.TRAB.EM PROC DADOS E EMPR.EMPRESAS PROC DADOS ESTADO DE SP.
33150,,,,Trabalhando,,CONSULTOR FUNCIONAL SAP I,1410.0,SINDPD SP - SIND.TRAB.EM PROC DADOS E EMPR.EMPRESAS PROC DADOS ESTADO DE SP.
34476,,,,Trabalhando,,CONSULTOR FUNCIONAL SAP I,1410.0,SINDPD SP - SIND.TRAB.EM PROC DADOS E EMPR.EMPRESAS PROC DADOS ESTADO DE SP.
35121,,,,Trabalhando,,CONSULTOR FUNCIONAL SAP II,1410.0,SINDPD SP - SIND.TRAB.EM PROC DADOS E EMPR.EMPRESAS PROC DADOS ESTADO DE SP.
31648,,,,Trabalhando,,GERENTE DE OPERACOES I,1410.0,SINDPD SP - SIND.TRAB.EM PROC DADOS E EMPR.EMPRESAS PROC DADOS ESTADO DE SP.
34493,,,,Trabalhando,,LIDER DE SAP,1410.0,SINDPD SP - SIND.TRAB.EM PROC DADOS E EMPR.EMPRESAS PROC DADOS ESTADO DE SP.
34294,,,,Trabalhando,,LIDER DE SAP,1410.0,SINDPD SP - SIND.TRAB.EM PROC DADOS E EMPR.EMPRESAS PROC DADOS ESTADO DE SP.
31827,,,,Trabalhando,,COORDENADOR DE OPERACOES I,1410.0,SINDPD SP - SIND.TRAB.EM PROC DADOS E EMPR.EMPRESAS PROC DADOS ESTADO DE SP.
35207,,,,Trabalhando,,DELIVERY MANAGER,1410.0,SINDPD SP - SIND.TRAB.EM PROC DADOS E EMPR.EMPRESAS PROC DADOS ESTADO DE SP.
34885,,,,Trabalhando,,ESPECIALISTA DE PRE-VENDAS II,1410.0,SINDPD SP - SIND.TRAB.EM PROC DADOS E EMPR.EMPRESAS PROC DADOS ESTADO DE SP.
34545,,,,Trabalhando,,ASSISTENTE DE BPO I,1410.0,SINDPD SP - SIND.TRAB.EM PROC DADOS E EMPR.EMPRESAS PROC DADOS ESTADO DE SP.
34936,,,,Trabalhando,,ASSISTENTE DE BPO I,1410.0,SINDPD SP - SIND.TRAB.EM PROC DADOS E EMPR.EMPRESAS PROC DADOS ESTADO DE SP.
34770,,,,Trabalhando,,ASSISTENTE DE BPO I,1410.0,SINDPD SP - SIND.TRAB.EM PROC DADOS E EMPR.EMPRESAS PROC DADOS ESTADO DE SP.
35054,,,,Trabalhando,,ASSISTENTE DE BPO I,1410.0,SINDPD SP - SIND.TRAB.EM PROC DADOS E EMPR.EMPRESAS PROC DADOS ESTADO DE SP.
35055,,,,Trabalhando,,ASSISTENTE DE BPO I,1410.0,SINDPD SP - SIND.TRAB.EM PROC DADOS E EMPR.EMPRESAS PROC DADOS ESTADO DE SP.
34775,,,,Trabalhando,,ASSISTENTE DE BPO I,1410.0,SINDPD SP - SIND.TRAB.EM PROC DADOS E EMPR.EMPRESAS PROC DADOS ESTADO DE SP.
33629,,,,Trabalhando,,ANALISTA DE DADOS I,1410.0,SINDPD SP - SIND.TRAB.EM PROC DADOS E EMPR.EMPRESAS PROC DADOS ESTADO DE SP.
34249,,,,Trabalhando,,DESENVOLVEDOR II,1410.0,SINDPD SP - SIND.TRAB.EM PROC DADOS E EMPR.EMPRESAS PROC DADOS ESTADO DE SP.
35002,,,,Trabalhando,,ASSISTENTE DE BPO I,1410.0,SINDPD SP - SIND.TRAB.EM PROC DADOS E EMPR.EMPRESAS PROC DADOS ESTADO DE SP.
35114,,,,Trabalhando,,ASSISTENTE DE BPO I,1410.0,SINDPD SP - SIND.TRAB.EM PROC DADOS E EMPR.EMPRESAS PROC DADOS ESTADO DE SP.
30411,,,,Trabalhando,,DESENVOLVEDOR II,1410.0,SINDPD SP - SIND.TRAB.EM PROC DADOS E EMPR.EMPRESAS PROC DADOS ESTADO DE SP.
31403,,,,Trabalhando,,DESENVOLVEDOR II,1410.0,SINDPD SP - SIND.TRAB.EM PROC DADOS E EMPR.EMPRESAS PROC DADOS ESTADO DE SP.
34765,,,,Trabalhando,,ANALISTA DE NEGOCIOS I,1410.0,SINDPD SP - SIND.TRAB.EM PROC DADOS E EMPR.EMPRESAS PROC DADOS ESTADO DE SP.
34831,,,,Trabalhando,,ANALISTA DE NEGOCIOS I,1410.0,SINDPD SP - SIND.TRAB.EM PROC DADOS E EMPR.EMPRESAS PROC DADOS ESTADO DE SP.
35029,,,,Trabalhando,,ANALISTA DE PMO I,1410.0,SINDPD SP - SIND.TRAB.EM PROC DADOS E EMPR.EMPRESAS PROC DADOS ESTADO DE SP.
34192,,,,Trabalhando,,ANALISTA DE SISTEMAS E NEGOCIOS I,1410.0,SINDPD SP - SIND.TRAB.EM PROC DADOS E EMPR.EMPRESAS PROC DADOS ESTADO DE SP.
34218,,,,Trabalhando,,DESENVOLVEDOR I,1410.0,SINDPD SP - SIND.TRAB.EM PROC DADOS E EMPR.EMPRESAS PROC DADOS ESTADO DE SP.
32133,,,,Trabalhando,,ANALISTA PRODUTOS I,1410.0,SINDPD SP - SIND.TRAB.EM PROC DADOS E EMPR.EMPRESAS PROC DADOS ESTADO DE SP.
27774,,,,Trabalhando,,DESENVOLVEDOR III,1410.0,SINDPD SP - SIND.TRAB.EM PROC DADOS E EMPR.EMPRESAS PROC DADOS ESTADO DE SP.
29106,,,,Trabalhando,,COORDENADOR DE SISTEMAS,1410.0,SINDPD SP - SIND.TRAB.EM PROC DADOS E EMPR.EMPRESAS PROC DADOS ESTADO DE SP.
34654,,,,Trabalhando,,DELIVERY MANAGER,1410.0,SINDPD SP - SIND.TRAB.EM PROC DADOS E EMPR.EMPRESAS PROC DADOS ESTADO DE SP.
35596,,,,Trabalhando,,ANALISTA DE SUPORTE I,1410.0,SINDPD SP - SIND.TRAB.EM PROC DADOS E EMPR.EMPRESAS PROC DADOS ESTADO DE SP.
31438,,,,Trabalhando,,DESENVOLVEDOR II,1410.0,SINDPD SP - SIND.TRAB.EM PROC DADOS E EMPR.EMPRESAS PROC DADOS ESTADO DE SP.
32855,,,,Trabalhando,,DESENVOLVEDOR II,1410.0,SINDPD SP - SIND.TRAB.EM PROC DADOS E EMPR.EMPRESAS PROC DADOS ESTADO DE SP.
34359,,,,Trabalhando,,DESENVOLVEDOR I,1410.0,SINDPD SP - SIND.TRAB.EM PROC DADOS E EMPR.EMPRESAS PROC DADOS ESTADO DE SP.
33363,,,,Trabalhando,,GERENTE DE PROJETOS II,1410.0,SINDPD SP - SIND.TRAB.EM PROC DADOS E EMPR.EMPRESAS PROC DADOS ESTADO DE SP.
34504,,,,Trabalhando,,DESENVOLVEDOR III,1410.0,SINDPD SP - SIND.TRAB.EM PROC DADOS E EMPR.EMPRESAS PROC DADOS ESTADO DE SP.
34210,,,,Trabalhando,,ANALISTA DE PROCESSOS I,1410.0,SINDPD SP - SIND.TRAB.EM PROC DADOS E EMPR.EMPRESAS PROC DADOS ESTADO DE SP.
31564,,,,Trabalhando,,ANALISTA DE SISTEMAS E NEGOCIOS III,1410.0,SINDPD SP - SIND.TRAB.EM PROC DADOS E EMPR.EMPRESAS PROC DADOS ESTADO DE SP.
32622,,,,Trabalhando,,ANALISTA DE QUALIDADE DE SOFTWARE II,1410.0,SINDPD SP - SIND.TRAB.EM PROC DADOS E EMPR.EMPRESAS PROC DADOS ESTADO DE SP.
33418,,,,Trabalhando,,ANALISTA DE QUALIDADE DE SOFTWARE II,1410.0,SINDPD SP - SIND.TRAB.EM PROC DADOS E EMPR.EMPRESAS PROC DADOS ESTADO DE SP.
34311,,,,Férias,,DESENVOLVEDOR III,1410.0,SINDPD SP - SIND.TRAB.EM PROC DADOS E EMPR.EMPRESAS PROC DADOS ESTADO DE SP.
34838,,,,Trabalhando,,ESPECIALISTA DE RPA I,1410.0,SINDPD SP - SIND.TRAB.EM PROC DADOS E EMPR.EMPRESAS PROC DADOS ESTADO DE SP.
35035,,,,Trabalhando,,DESENVOLVEDOR II,1410.0,SINDPD SP - SIND.TRAB.EM PROC DADOS E EMPR.EMPRESAS PROC DADOS ESTADO DE SP.
35181,,,,Trabalhando,,DESENVOLVEDOR II,1410.0,SINDPD SP - SIND.TRAB.EM PROC DADOS E EMPR.EMPRESAS PROC DADOS ESTADO DE SP.
34985,,,,Trabalhando,,DESENVOLVEDOR III,1410.0,SINDPD SP - SIND.TRAB.EM PROC DADOS E EMPR.EMPRESAS PROC DADOS ESTADO DE SP.
34422,,,,Trabalhando,,DESENVOLVEDOR II,1410.0,SINDPD SP - SIND.TRAB.EM PROC DADOS E EMPR.EMPRESAS PROC DADOS ESTADO DE SP.
30278,,,,Trabalhando,,ANALISTA DE QUALIDADE DE SOFTWARE II,1410.0,SINDPD SP - SIND.TRAB.EM PROC DADOS E EMPR.EMPRESAS PROC DADOS ESTADO DE SP.
33479,,,,Trabalhando,,DESENVOLVEDOR II,1410.0,SINDPD SP - SIND.TRAB.EM PROC DADOS E EMPR.EMPRESAS PROC DADOS ESTADO DE SP.
33589,,,,Trabalhando,,DESENVOLVEDOR II,1410.0,SINDPD SP - SIND.TRAB.EM PROC DADOS E EMPR.EMPRESAS PROC DADOS ESTADO DE SP.
32423,,,,Férias,,ANALISTA DE DADOS III,1410.0,SINDPD SP - SIND.TRAB.EM PROC DADOS E EMPR.EMPRESAS PROC DADOS ESTADO DE SP.
34916,,,,Trabalhando,,ASSISTENTE DE BPO II,1410.0,SINDPD SP - SIND.TRAB.EM PROC DADOS E EMPR.EMPRESAS PROC DADOS ESTADO DE SP.
29956,,,,Trabalhando,,DESENVOLVEDOR III,1410.0,SINDPD SP - SIND.TRAB.EM PROC DADOS E EMPR.EMPRESAS PROC DADOS ESTADO DE SP.
34092,,,,Trabalhando,,DESENVOLVEDOR III,1410.0,SINDPD SP - SIND.TRAB.EM PROC DADOS E EMPR.EMPRESAS PROC DADOS ESTADO DE SP.
30623,,,,Férias,,DESENVOLVEDOR II,1410.0,SINDPD SP - SIND.TRAB.EM PROC DADOS E EMPR.EMPRESAS PROC DADOS ESTADO DE SP.
30861,,,,Trabalhando,,DESENVOLVEDOR III,1410.0,SINDPD SP - SIND.TRAB.EM PROC DADOS E EMPR.EMPRESAS PROC DADOS ESTADO DE SP.
31643,,,,Trabalhando,,TECH LEAD I,1410.0,SINDPD SP - SIND.TRAB.EM PROC DADOS E EMPR.EMPRESAS PROC DADOS ESTADO DE SP.
32639,,,,Trabalhando,,DESENVOLVEDOR III,1410.0,SINDPD SP - SIND.TRAB.EM PROC DADOS E EMPR.EMPRESAS PROC DADOS ESTADO DE SP.
34245,,,,Férias,,ANALISTA DE QUALIDADE DE SOFTWARE II,1410.0,SINDPD SP - SIND.TRAB.EM PROC DADOS E EMPR.EMPRESAS PROC DADOS ESTADO DE SP.
31840,,,,Férias,,DEVELOPER III,1410.0,SINDPD SP - SIND.TRAB.EM PROC DADOS E EMPR.EMPRESAS PROC DADOS ESTADO DE SP.
33034,,,,Trabalhando,,CONSULTOR DE IMPLEMENTACAO III,1410.0,SINDPD SP - SIND.TRAB.EM PROC DADOS E EMPR.EMPRESAS PROC DADOS ESTADO DE SP.
35577,,,,Trabalhando,,ADVOGADO II,1410.0,SINDPD SP - SIND.TRAB.EM PROC DADOS E EMPR.EMPRESAS PROC DADOS ESTADO DE SP.
35615,,,,Trabalhando,,COORDENADOR DE OPERACOES I,1410.0,SINDPD SP - SIND.TRAB.EM PROC DADOS E EMPR.EMPRESAS PROC DADOS ESTADO DE SP.
35036,,,,Trabalhando,,DESIGNER UX/UI II,1410.0,SINDPD SP - SIND.TRAB.EM PROC DADOS E EMPR.EMPRESAS PROC DADOS ESTADO DE SP.
31319,,,,Trabalhando,,DESENVOLVEDOR II,1410.0,SINDPD SP - SIND.TRAB.EM PROC DADOS E EMPR.EMPRESAS PROC DADOS ESTADO DE SP.
29978,,,,Trabalhando,,DESENVOLVEDOR III,1410.0,SINDPD SP - SIND.TRAB.EM PROC DADOS E EMPR.EMPRESAS PROC DADOS ESTADO DE SP.
31660,,,,Trabalhando,,CONSULTOR DE IMPLEMENTACAO II,1410.0,SINDPD SP - SIND.TRAB.EM PROC DADOS E EMPR.EMPRESAS PROC DADOS ESTADO DE SP.
26805,,,,Trabalhando,,CONSULTOR DE IMPLEMENTACAO III,1410.0,SINDPD SP - SIND.TRAB.EM PROC DADOS E EMPR.EMPRESAS PROC DADOS ESTADO DE SP.
31293,,,,Trabalhando,,ANALISTA DE QUALIDADE DE SOFTWARE II,1410.0,SINDPD SP - SIND.TRAB.EM PROC DADOS E EMPR.EMPRESAS PROC DADOS ESTADO DE SP.
33654,,,,Trabalhando,,ANALISTA DE SISTEMAS E NEGOCIOS II,1410.0,SINDPD SP - SIND.TRAB.EM PROC DADOS E EMPR.EMPRESAS PROC DADOS ESTADO DE SP.
34112,,,,Trabalhando,,ANALISTA DE SUPORTE I,1410.0,SINDPD SP - SIND.TRAB.EM PROC DADOS E EMPR.EMPRESAS PROC DADOS ESTADO DE SP.
29097,,,,Trabalhando,,ANALISTA DE SUPORTE II,1410.0,SINDPD SP - SIND.TRAB.EM PROC DADOS E EMPR.EMPRESAS PROC DADOS ESTADO DE SP.
31365,,,,Trabalhando,,DEVELOPER III,1410.0,SINDPD SP - SIND.TRAB.EM PROC DADOS E EMPR.EMPRESAS PROC DADOS ESTADO DE SP.
32205,,,,Trabalhando,,DESENVOLVEDOR III,1410.0,SINDPD SP - SIND.TRAB.EM PROC DADOS E EMPR.EMPRESAS PROC DADOS ESTADO DE SP.
33416,,,,Trabalhando,,DESENVOLVEDOR III,1410.0,SINDPD SP - SIND.TRAB.EM PROC DADOS E EMPR.EMPRESAS PROC DADOS ESTADO DE SP.
31845,,,,Trabalhando,,ANALISTA DE SUPORTE II,1410.0,SINDPD SP - SIND.TRAB.EM PROC DADOS E EMPR.EMPRESAS PROC DADOS ESTADO DE SP.
31649,,,,Férias,,ANALISTA DE SUPORTE II,1410.0,SINDPD SP - SIND.TRAB.EM PROC DADOS E EMPR.EMPRESAS PROC DADOS ESTADO DE SP.
35674,,,,Trabalhando,,GERENTE DE SERVICOS SENIOR,1410.0,SINDPD SP - SIND.TRAB.EM PROC DADOS E EMPR.EMPRESAS PROC DADOS ESTADO DE SP.
35701,,,,Trabalhando,,GERENTE DE SERVICOS SENIOR,1410.0,SINDPD SP - SIND.TRAB.EM PROC DADOS E EMPR.EMPRESAS PROC DADOS ESTADO DE SP.
33794,,,,Trabalhando,,DESENVOLVEDOR III,1410.0,SINDPD SP - SIND.TRAB.EM PROC DADOS E EMPR.EMPRESAS PROC DADOS ESTADO DE SP.
34492,,,,Férias,,CONSULTOR TECNICO SAP III,1410.0,SINDPD SP - SIND.TRAB.EM PROC DADOS E EMPR.EMPRESAS PROC DADOS ESTADO DE SP.
35170,,,,Trabalhando,,CONSULTOR TECNICO SAP III,1410.0,SINDPD SP - SIND.TRAB.EM PROC DADOS E EMPR.EMPRESAS PROC DADOS ESTADO DE SP.
32662,,,,Trabalhando,,DEVELOPER III,1410.0,SINDPD SP - SIND.TRAB.EM PROC DADOS E EMPR.EMPRESAS PROC DADOS ESTADO DE SP.
30739,,,,Férias,,DESIGNER UX/UI I,1410.0,SINDPD SP - SIND.TRAB.EM PROC DADOS E EMPR.EMPRESAS PROC DADOS ESTADO DE SP.
31460,,,,Trabalhando,,TECH RECRUITER II,1410.0,SINDPD SP - SIND.TRAB.EM PROC DADOS E EMPR.EMPRESAS PROC DADOS ESTADO DE SP.
31514,,,,Trabalhando,,TECH RECRUITER II,1410.0,SINDPD SP - SIND.TRAB.EM PROC DADOS E EMPR.EMPRESAS PROC DADOS ESTADO DE SP.
35654,,,,Trabalhando,,ASSISTENTE ADMINISTRATIVO,1410.0,SITEPD PR - SIND DOS TRAB EM EMPR PRIVADAS DE PROC DE DADOS DE CURITIBA E REGIAO METROPOLITANA
25609,,,,Trabalhando,,ANALISTA DE ADMINISTRACAO DE PESSOAS I,1410.0,SITEPD PR - SIND DOS TRAB EM EMPR PRIVADAS DE PROC DE DADOS DE CURITIBA E REGIAO METROPOLITANA
27732,,,,Trabalhando,,ANALISTA DE ADMINISTRACAO DE PESSOAS I,1410.0,SITEPD PR - SIND DOS TRAB EM EMPR PRIVADAS DE PROC DE DADOS DE CURITIBA E REGIAO METROPOLITANA
33040,,,,Trabalhando,,COORDENADOR DE GESTAO DA MUDANCA,1410.0,SITEPD PR - SIND DOS TRAB EM EMPR PRIVADAS DE PROC DE DADOS DE CURITIBA E REGIAO METROPOLITANA
35653,,,,Trabalhando,,ADVOGADO III,1410.0,SITEPD PR - SIND DOS TRAB EM EMPR PRIVADAS DE PROC DE DADOS DE CURITIBA E REGIAO METROPOLITANA
34764,,,,Trabalhando,,ARQUITETO CORPORATIVO III,1410.0,SITEPD PR - SIND DOS TRAB EM EMPR PRIVADAS DE PROC DE DADOS DE CURITIBA E REGIAO METROPOLITANA
31968,,,,Trabalhando,,DESENVOLVEDOR III,1410.0,SITEPD PR - SIND DOS TRAB EM EMPR PRIVADAS DE PROC DE DADOS DE CURITIBA E REGIAO METROPOLITANA
35369,,,,Trabalhando,,ANALISTA DE QUALIDADE DE SOFTWARE II,1410.0,SITEPD PR - SIND DOS TRAB EM EMPR PRIVADAS DE PROC DE DADOS DE CURITIBA E REGIAO METROPOLITANA
34820,,,,Trabalhando,,DESENVOLVEDOR II,1410.0,SITEPD PR - SIND DOS TRAB EM EMPR PRIVADAS DE PROC DE DADOS DE CURITIBA E REGIAO METROPOLITANA
33858,,,,Trabalhando,,SDR II,1410.0,SITEPD PR - SIND DOS TRAB EM EMPR PRIVADAS DE PROC DE DADOS DE CURITIBA E REGIAO METROPOLITANA
34415,,,,Trabalhando,,SDR II,1410.0,SITEPD PR - SIND DOS TRAB EM EMPR PRIVADAS DE PROC DE DADOS DE CURITIBA E REGIAO METROPOLITANA
34466,,,,Trabalhando,,SDR II,1410.0,SITEPD PR - SIND DOS TRAB EM EMPR PRIVADAS DE PROC DE DADOS DE CURITIBA E REGIAO METROPOLITANA
35219,,,,Trabalhando,,SDR II,1410.0,SITEPD PR - SIND DOS TRAB EM EMPR PRIVADAS DE PROC DE DADOS DE CURITIBA E REGIAO METROPOLITANA
28927,,,,Férias,,GERENTE DE GERACAO DE DEMANDAS,1410.0,SITEPD PR - SIND DOS TRAB EM EMPR PRIVADAS DE PROC DE DADOS DE CURITIBA E REGIAO METROPOLITANA
35239,,,,Trabalhando,,COORDENADOR DE OPERACOES I,1410.0,SITEPD PR - SIND DOS TRAB EM EMPR PRIVADAS DE PROC DE DADOS DE CURITIBA E REGIAO METROPOLITANA
32957,,,,Trabalhando,,DESENVOLVEDOR III,1410.0,SITEPD PR - SIND DOS TRAB EM EMPR PRIVADAS DE PROC DE DADOS DE CURITIBA E REGIAO METROPOLITANA
35736,,,,Trabalhando,,ARQUITETO DE INFRAESTRUTURA DE TI II,1410.0,SITEPD PR - SIND DOS TRAB EM EMPR PRIVADAS DE PROC DE DADOS DE CURITIBA E REGIAO METROPOLITANA
26210,,,,Férias,,DESENVOLVEDOR III,1410.0,SITEPD PR - SIND DOS TRAB EM EMPR PRIVADAS DE PROC DE DADOS DE CURITIBA E REGIAO METROPOLITANA
26268,,,,Trabalhando,,DESENVOLVEDOR III,1410.0,SITEPD PR - SIND DOS TRAB EM EMPR PRIVADAS DE PROC DE DADOS DE CURITIBA E REGIAO METROPOLITANA
26095,,,,Trabalhando,,DESENVOLVEDOR III,1410.0,SITEPD PR - SIND DOS TRAB EM EMPR PRIVADAS DE PROC DE DADOS DE CURITIBA E REGIAO METROPOLITANA
27212,,,,Trabalhando,,ARQUITETO DE SOLUCOES III,1410.0,SITEPD PR - SIND DOS TRAB EM EMPR PRIVADAS DE PROC DE DADOS DE CURITIBA E REGIAO METROPOLITANA
29037,,,,Trabalhando,,ANALISTA DE PMO III,1410.0,SITEPD PR - SIND DOS TRAB EM EMPR PRIVADAS DE PROC DE DADOS DE CURITIBA E REGIAO METROPOLITANA
34239,,,,Trabalhando,,ANALISTA DE QUALIDADE DE SOFTWARE II,1410.0,SITEPD PR - SIND DOS TRAB EM EMPR PRIVADAS DE PROC DE DADOS DE CURITIBA E REGIAO METROPOLITANA
33881,,,,Trabalhando,,ANALISTA DE QUALIDADE DE SOFTWARE II,1410.0,SITEPD PR - SIND DOS TRAB EM EMPR PRIVADAS DE PROC DE DADOS DE CURITIBA E REGIAO METROPOLITANA
33818,,,,Trabalhando,,ANALISTA DE QUALIDADE DE SOFTWARE III,1410.0,SITEPD PR - SIND DOS TRAB EM EMPR PRIVADAS DE PROC DE DADOS DE CURITIBA E REGIAO METROPOLITANA
33816,,,,Trabalhando,,ANALISTA DE QUALIDADE DE SOFTWARE III,1410.0,SITEPD PR - SIND DOS TRAB EM EMPR PRIVADAS DE PROC DE DADOS DE CURITIBA E REGIAO METROPOLITANA
26161,,,,Trabalhando,,ARQUITETO DE SOFTWARE I,1410.0,SITEPD PR - SIND DOS TRAB EM EMPR PRIVADAS DE PROC DE DADOS DE CURITIBA E REGIAO METROPOLITANA
26042,,,,Férias,,ARQUITETO DE SOFTWARE III,1410.0,SITEPD PR - SIND DOS TRAB EM EMPR PRIVADAS DE PROC DE DADOS DE CURITIBA E REGIAO METROPOLITANA
26084,,,,Trabalhando,,ARQUITETO DE SOFTWARE III,1410.0,SITEPD PR - SIND DOS TRAB EM EMPR PRIVADAS DE PROC DE DADOS DE CURITIBA E REGIAO METROPOLITANA
34238,,,,Trabalhando,,ANALISTA DE QUALIDADE DE SOFTWARE I,1410.0,SITEPD PR - SIND DOS TRAB EM EMPR PRIVADAS DE PROC DE DADOS DE CURITIBA E REGIAO METROPOLITANA
31154,,,,Trabalhando,,DESENVOLVEDOR III,1410.0,SITEPD PR - SIND DOS TRAB EM EMPR PRIVADAS DE PROC DE DADOS DE CURITIBA E REGIAO METROPOLITANA
33392,,,,Trabalhando,,GERENTE DE PROJETOS II,1410.0,SITEPD PR - SIND DOS TRAB EM EMPR PRIVADAS DE PROC DE DADOS DE CURITIBA E REGIAO METROPOLITANA
34228,,,,Trabalhando,,DESENVOLVEDOR I,1410.0,SITEPD PR - SIND DOS TRAB EM EMPR PRIVADAS DE PROC DE DADOS DE CURITIBA E REGIAO METROPOLITANA
34945,,,,Trabalhando,,ANALISTA DE QUALIDADE DE SOFTWARE III,1410.0,SITEPD PR - SIND DOS TRAB EM EMPR PRIVADAS DE PROC DE DADOS DE CURITIBA E REGIAO METROPOLITANA
30572,,,,Trabalhando,,DESENVOLVEDOR III,1410.0,SITEPD PR - SIND DOS TRAB EM EMPR PRIVADAS DE PROC DE DADOS DE CURITIBA E REGIAO METROPOLITANA
31614,,,,Trabalhando,,ANALISTA DE NEGOCIOS I,1410.0,SITEPD PR - SIND DOS TRAB EM EMPR PRIVADAS DE PROC DE DADOS DE CURITIBA E REGIAO METROPOLITANA
25290,,,,Trabalhando,,EXECUTIVO DE CONTAS III,1410.0,SITEPD PR - SIND DOS TRAB EM EMPR PRIVADAS DE PROC DE DADOS DE CURITIBA E REGIAO METROPOLITANA
34361,,,,Trabalhando,,AGILE MASTER,1410.0,SITEPD PR - SIND DOS TRAB EM EMPR PRIVADAS DE PROC DE DADOS DE CURITIBA E REGIAO METROPOLITANA
31022,,,,Trabalhando,,CONSULTOR FUNCIONAL SAP II,1410.0,SITEPD PR - SIND DOS TRAB EM EMPR PRIVADAS DE PROC DE DADOS DE CURITIBA E REGIAO METROPOLITANA
31938,,,,Trabalhando,,DESENVOLVEDOR III,1410.0,SITEPD PR - SIND DOS TRAB EM EMPR PRIVADAS DE PROC DE DADOS DE CURITIBA E REGIAO METROPOLITANA
34556,,,,Férias,,DESENVOLVEDOR I,1410.0,SITEPD PR - SIND DOS TRAB EM EMPR PRIVADAS DE PROC DE DADOS DE CURITIBA E REGIAO METROPOLITANA
34889,,,,Trabalhando,,DESENVOLVEDOR III,1410.0,SITEPD PR - SIND DOS TRAB EM EMPR PRIVADAS DE PROC DE DADOS DE CURITIBA E REGIAO METROPOLITANA
31301,,,,Trabalhando,,DESENVOLVEDOR III,1410.0,SITEPD PR - SIND DOS TRAB EM EMPR PRIVADAS DE PROC DE DADOS DE CURITIBA E REGIAO METROPOLITANA
31611,,,,Trabalhando,,DESENVOLVEDOR III,1410.0,SITEPD PR - SIND DOS TRAB EM EMPR PRIVADAS DE PROC DE DADOS DE CURITIBA E REGIAO METROPOLITANA
30373,,,,Trabalhando,,ANALISTA DE SISTEMAS E NEGOCIOS II,1410.0,SITEPD PR - SIND DOS TRAB EM EMPR PRIVADAS DE PROC DE DADOS DE CURITIBA E REGIAO METROPOLITANA
32563,,,,Trabalhando,,ANALISTA DE SISTEMAS E NEGOCIOS III,1410.0,SITEPD PR - SIND DOS TRAB EM EMPR PRIVADAS DE PROC DE DADOS DE CURITIBA E REGIAO METROPOLITANA
31113,,,,Trabalhando,,ANALISTA DE SUPORTE II,1410.0,SITEPD PR - SIND DOS TRAB EM EMPR PRIVADAS DE PROC DE DADOS DE CURITIBA E REGIAO METROPOLITANA
33083,,,,Trabalhando,,DESENVOLVEDOR III,1410.0,SITEPD PR - SIND DOS TRAB EM EMPR PRIVADAS DE PROC DE DADOS DE CURITIBA E REGIAO METROPOLITANA
32118,,,,Trabalhando,,ENGENHEIRO DE DADOS III,1410.0,SITEPD PR - SIND DOS TRAB EM EMPR PRIVADAS DE PROC DE DADOS DE CURITIBA E REGIAO METROPOLITANA
26876,,,,Trabalhando,,ANALISTA DE DADOS III,1410.0,SITEPD PR - SIND DOS TRAB EM EMPR PRIVADAS DE PROC DE DADOS DE CURITIBA E REGIAO METROPOLITANA
31465,,,,Trabalhando,,EXECUTIVO DE CONTAS I,1410.0,SITEPD PR - SIND DOS TRAB EM EMPR PRIVADAS DE PROC DE DADOS DE CURITIBA E REGIAO METROPOLITANA
31757,,,,Trabalhando,,ANALISTA DE NEGOCIOS I,1410.0,SITEPD PR - SIND DOS TRAB EM EMPR PRIVADAS DE PROC DE DADOS DE CURITIBA E REGIAO METROPOLITANA
34032,,,,Trabalhando,,TRAINEE COMERCIAL,1410.0,SITEPD PR - SIND DOS TRAB EM EMPR PRIVADAS DE PROC DE DADOS DE CURITIBA E REGIAO METROPOLITANA
25342,,,,Trabalhando,,DESENVOLVEDOR II,1410.0,SITEPD PR - SIND DOS TRAB EM EMPR PRIVADAS DE PROC DE DADOS DE CURITIBA E REGIAO METROPOLITANA
32265,,,,Trabalhando,,DESENVOLVEDOR III,1410.0,SITEPD PR - SIND DOS TRAB EM EMPR PRIVADAS DE PROC DE DADOS DE CURITIBA E REGIAO METROPOLITANA
35605,,,,Trabalhando,,COORDENADOR DE OPERACOES I,1410.0,SITEPD PR - SIND DOS TRAB EM EMPR PRIVADAS DE PROC DE DADOS DE CURITIBA E REGIAO METROPOLITANA
33753,,,,Férias,,DESENVOLVEDOR III,1410.0,SITEPD PR - SIND DOS TRAB EM EMPR PRIVADAS DE PROC DE DADOS DE CURITIBA E REGIAO METROPOLITANA
34737,,,,Trabalhando,,DESENVOLVEDOR III,1410.0,SITEPD PR - SIND DOS TRAB EM EMPR PRIVADAS DE PROC DE DADOS DE CURITIBA E REGIAO METROPOLITANA
34360,,,,Trabalhando,,DESENVOLVEDOR I,1410.0,SITEPD PR - SIND DOS TRAB EM EMPR PRIVADAS DE PROC DE DADOS DE CURITIBA E REGIAO METROPOLITANA
33766,,,,Trabalhando,,DESENVOLVEDOR III,1410.0,SITEPD PR - SIND DOS TRAB EM EMPR PRIVADAS DE PROC DE DADOS DE CURITIBA E REGIAO METROPOLITANA
30483,,,,Trabalhando,,ARQUITETO DE SOLUCOES III,1410.0,SITEPD PR - SIND DOS TRAB EM EMPR PRIVADAS DE PROC DE DADOS DE CURITIBA E REGIAO METROPOLITANA
31574,,,,Trabalhando,,DESENVOLVEDOR III,1410.0,SITEPD PR - SIND DOS TRAB EM EMPR PRIVADAS DE PROC DE DADOS DE CURITIBA E REGIAO METROPOLITANA
32267,,,,Trabalhando,,DESENVOLVEDOR III,1410.0,SITEPD PR - SIND DOS TRAB EM EMPR PRIVADAS DE PROC DE DADOS DE CURITIBA E REGIAO METROPOLITANA
33427,,,,Trabalhando,,DESENVOLVEDOR III,1410.0,SITEPD PR - SIND DOS TRAB EM EMPR PRIVADAS DE PROC DE DADOS DE CURITIBA E REGIAO METROPOLITANA
32008,,,,Férias,,DESENVOLVEDOR III,1410.0,SITEPD PR - SIND DOS TRAB EM EMPR PRIVADAS DE PROC DE DADOS DE CURITIBA E REGIAO METROPOLITANA
33585,,,,Trabalhando,,DESENVOLVEDOR III,1410.0,SITEPD PR - SIND DOS TRAB EM EMPR PRIVADAS DE PROC DE DADOS DE CURITIBA E REGIAO METROPOLITANA
33223,,,,Trabalhando,,ANALISTA DE SUPORTE I,1410.0,SITEPD PR - SIND DOS TRAB EM EMPR PRIVADAS DE PROC DE DADOS DE CURITIBA E REGIAO METROPOLITANA
35123,,,,Trabalhando,,ANALISTA DE SUPORTE I,1410.0,SITEPD PR - SIND DOS TRAB EM EMPR PRIVADAS DE PROC DE DADOS DE CURITIBA E REGIAO METROPOLITANA
32032,,,,Trabalhando,,DESENVOLVEDOR III,1410.0,SITEPD PR - SIND DOS TRAB EM EMPR PRIVADAS DE PROC DE DADOS DE CURITIBA E REGIAO METROPOLITANA
32067,,,,Trabalhando,,ANALISTA DEVSECOPS III,1410.0,SITEPD PR - SIND DOS TRAB EM EMPR PRIVADAS DE PROC DE DADOS DE CURITIBA E REGIAO METROPOLITANA
31704,,,,Trabalhando,,ANALISTA DE SUPORTE I,1410.0,SITEPD PR - SIND DOS TRAB EM EMPR PRIVADAS DE PROC DE DADOS DE CURITIBA E REGIAO METROPOLITANA
35019,,,,Trabalhando,,ANALISTA DE GESTAO DA MUDANCA III,1410.0,SITEPD PR - SIND DOS TRAB EM EMPR PRIVADAS DE PROC DE DADOS DE CURITIBA E REGIAO METROPOLITANA
35165,,,,Trabalhando,,ANALISTA DE SUPORTE I,1410.0,SITEPD PR - SIND DOS TRAB EM EMPR PRIVADAS DE PROC DE DADOS DE CURITIBA E REGIAO METROPOLITANA
33719,,,,Trabalhando,,GERENTE DE PROJETOS II,1410.0,SITEPD PR - SIND DOS TRAB EM EMPR PRIVADAS DE PROC DE DADOS DE CURITIBA E REGIAO METROPOLITANA
35217,,,,Trabalhando,,AGILE MASTER,1410.0,SITEPD PR - SIND DOS TRAB EM EMPR PRIVADAS DE PROC DE DADOS DE CURITIBA E REGIAO METROPOLITANA
35781,,,,Trabalhando,,ASSISTENTE DE PMO,1410.0,SITEPD PR - SIND DOS TRAB EM EMPR PRIVADAS DE PROC DE DADOS DE CURITIBA E REGIAO METROPOLITANA
35773,,,,Trabalhando,,ANALISTA DE DADOS I,1410.0,SITEPD PR - SIND DOS TRAB EM EMPR PRIVADAS DE PROC DE DADOS DE CURITIBA E REGIAO METROPOLITANA
35774,,,,Trabalhando,,ANALISTA DE DADOS I,1410.0,SITEPD PR - SIND DOS TRAB EM EMPR PRIVADAS DE PROC DE DADOS DE CURITIBA E REGIAO METROPOLITANA
31129,,,,Trabalhando,,ANALISTA DE SUPORTE II,1410.0,SITEPD PR - SIND DOS TRAB EM EMPR PRIVADAS DE PROC DE DADOS DE CURITIBA E REGIAO METROPOLITANA
33337,,,,Trabalhando,,ANALISTA DE SUPORTE III,1410.0,SITEPD PR - SIND DOS TRAB EM EMPR PRIVADAS DE PROC DE DADOS DE CURITIBA E REGIAO METROPOLITANA
27005,,,,Trabalhando,,CONSULTOR FUNCIONAL SAP III,1410.0,SITEPD PR - SIND DOS TRAB EM EMPR PRIVADAS DE PROC DE DADOS DE CURITIBA E REGIAO METROPOLITANA
33919,,,,Trabalhando,,CONSULTOR FUNCIONAL SAP III,1410.0,SITEPD PR - SIND DOS TRAB EM EMPR PRIVADAS DE PROC DE DADOS DE CURITIBA E REGIAO METROPOLITANA
34156,,,,Trabalhando,,CONSULTOR FUNCIONAL SAP III,1410.0,SITEPD PR - SIND DOS TRAB EM EMPR PRIVADAS DE PROC DE DADOS DE CURITIBA E REGIAO METROPOLITANA
34165,,,,Trabalhando,,CONSULTOR FUNCIONAL SAP III,1410.0,SITEPD PR - SIND DOS TRAB EM EMPR PRIVADAS DE PROC DE DADOS DE CURITIBA E REGIAO METROPOLITANA
35741,,,,Trabalhando,,COORDENADOR DE OPERACOES III,1410.0,SITEPD PR - SIND DOS TRAB EM EMPR PRIVADAS DE PROC DE DADOS DE CURITIBA E REGIAO METROPOLITANA
34167,,,,Trabalhando,,DESENVOLVEDOR III,1410.0,SITEPD PR - SIND DOS TRAB EM EMPR PRIVADAS DE PROC DE DADOS DE CURITIBA E REGIAO METROPOLITANA
34168,,,,Trabalhando,,DESENVOLVEDOR III,1410.0,SITEPD PR - SIND DOS TRAB EM EMPR PRIVADAS DE PROC DE DADOS DE CURITIBA E REGIAO METROPOLITANA
32033,,,,Trabalhando,,ANALISTA ADMINISTRATIVO II,1410.0,SITEPD PR - SIND DOS TRAB EM EMPR PRIVADAS DE PROC DE DADOS DE CURITIBA E REGIAO METROPOLITANA
30530,,,,Trabalhando,,CONSULTOR TECNICO SAP III,1410.0,SITEPD PR - SIND DOS TRAB EM EMPR PRIVADAS DE PROC DE DADOS DE CURITIBA E REGIAO METROPOLITANA
34166,,,,Trabalhando,,CONSULTOR TECNICO SAP III,1410.0,SITEPD PR - SIND DOS TRAB EM EMPR PRIVADAS DE PROC DE DADOS DE CURITIBA E REGIAO METROPOLITANA
31509,,,,Trabalhando,,ANALISTA DE DADOS I,1410.0,SITEPD PR - SIND DOS TRAB EM EMPR PRIVADAS DE PROC DE DADOS DE CURITIBA E REGIAO METROPOLITANA
34680,,,,Trabalhando,,ANALISTA DE INFRAESTRUTURA DE TI III,1410.0,SITEPD PR - SIND DOS TRAB EM EMPR PRIVADAS DE PROC DE DADOS DE CURITIBA E REGIAO METROPOLITANA
33619,,,,Trabalhando,,DESENVOLVEDOR III,1410.0,SITEPD PR - SIND DOS TRAB EM EMPR PRIVADAS DE PROC DE DADOS DE CURITIBA E REGIAO METROPOLITANA
25670,,,,Trabalhando,,CONSULTOR ESPECIALISTA TECNICO SAP,1410.0,SITEPD PR - SIND DOS TRAB EM EMPR PRIVADAS DE PROC DE DADOS DE CURITIBA E REGIAO METROPOLITANA
32805,,,,Trabalhando,,ASSISTENTE DE BPO I,1410.0,SITEPD PR - SIND DOS TRAB EM EMPR PRIVADAS DE PROC DE DADOS DE CURITIBA E REGIAO METROPOLITANA
34432,,,,Trabalhando,,COORDENADOR DE OPERACOES I,1410.0,SITEPD PR - SIND DOS TRAB EM EMPR PRIVADAS DE PROC DE DADOS DE CURITIBA E REGIAO METROPOLITANA
34418,,,,Trabalhando,,ANALISTA CONTABIL-FISCAL I,1410.0,SITEPD PR - SIND DOS TRAB EM EMPR PRIVADAS DE PROC DE DADOS DE CURITIBA E REGIAO METROPOLITANA
34610,,,,Trabalhando,,ANALISTA CONTABIL-FISCAL I,1410.0,SITEPD PR - SIND DOS TRAB EM EMPR PRIVADAS DE PROC DE DADOS DE CURITIBA E REGIAO METROPOLITANA
34651,,,,Trabalhando,,ANALISTA CONTABIL-FISCAL I,1410.0,SITEPD PR - SIND DOS TRAB EM EMPR PRIVADAS DE PROC DE DADOS DE CURITIBA E REGIAO METROPOLITANA
35152,,,,Trabalhando,,ANALISTA CONTABIL-FISCAL I,1410.0,SITEPD PR - SIND DOS TRAB EM EMPR PRIVADAS DE PROC DE DADOS DE CURITIBA E REGIAO METROPOLITANA
35683,,,,Trabalhando,,ANALISTA CONTABIL-FISCAL I,1410.0,SITEPD PR - SIND DOS TRAB EM EMPR PRIVADAS DE PROC DE DADOS DE CURITIBA E REGIAO METROPOLITANA
35062,,,,Trabalhando,,ANALISTA CONTABIL-FISCAL II,1410.0,SITEPD PR - SIND DOS TRAB EM EMPR PRIVADAS DE PROC DE DADOS DE CURITIBA E REGIAO METROPOLITANA
35064,,,,Trabalhando,,ANALISTA CONTABIL-FISCAL III,1410.0,SITEPD PR - SIND DOS TRAB EM EMPR PRIVADAS DE PROC DE DADOS DE CURITIBA E REGIAO METROPOLITANA
35046,,,,Trabalhando,,LIDER DE BPO,1410.0,SITEPD PR - SIND DOS TRAB EM EMPR PRIVADAS DE PROC DE DADOS DE CURITIBA E REGIAO METROPOLITANA
32055,,,,Trabalhando,,ANALISTA DE EXCELENCIA OPERACIONAL III,1410.0,SITEPD PR - SIND DOS TRAB EM EMPR PRIVADAS DE PROC DE DADOS DE CURITIBA E REGIAO METROPOLITANA
33945,,,,Trabalhando,,ANALISTA DE SUPORTE II,1410.0,SITEPD PR - SIND DOS TRAB EM EMPR PRIVADAS DE PROC DE DADOS DE CURITIBA E REGIAO METROPOLITANA
34374,,,,Trabalhando,,GERENTE DE OPERACOES I,1410.0,SITEPD PR - SIND DOS TRAB EM EMPR PRIVADAS DE PROC DE DADOS DE CURITIBA E REGIAO METROPOLITANA
33638,,,,Trabalhando,,GERENTE DE ARQUITETURA E GOVERNANCA,1410.0,SITEPD PR - SIND DOS TRAB EM EMPR PRIVADAS DE PROC DE DADOS DE CURITIBA E REGIAO METROPOLITANA
33160,,,,Trabalhando,,CONSULTOR FUNCIONAL SAP II,1410.0,SITEPD PR - SIND DOS TRAB EM EMPR PRIVADAS DE PROC DE DADOS DE CURITIBA E REGIAO METROPOLITANA
31007,,,,Férias,,DESENVOLVEDOR II,1410.0,SITEPD PR - SIND DOS TRAB EM EMPR PRIVADAS DE PROC DE DADOS DE CURITIBA E REGIAO METROPOLITANA
34452,,,,Trabalhando,,ANALISTA DE DADOS III,1410.0,SITEPD PR - SIND DOS TRAB EM EMPR PRIVADAS DE PROC DE DADOS DE CURITIBA E REGIAO METROPOLITANA
27059,,,,Trabalhando,,ANALISTA DE DADOS III,1410.0,SITEPD PR - SIND DOS TRAB EM EMPR PRIVADAS DE PROC DE DADOS DE CURITIBA E REGIAO METROPOLITANA
31746,,,,Trabalhando,,TECH RECRUITER III,1410.0,SITEPD PR - SIND DOS TRAB EM EMPR PRIVADAS DE PROC DE DADOS DE CURITIBA E REGIAO METROPOLITANA
35027,,,,Trabalhando,,ASSISTENTE DE BPO I,1410.0,SITEPD PR - SIND DOS TRAB EM EMPR PRIVADAS DE PROC DE DADOS DE CURITIBA E REGIAO METROPOLITANA
31701,,,,Trabalhando,,ANALISTA DE QUALIDADE DE SOFTWARE I,1410.0,SITEPD PR - SIND DOS TRAB EM EMPR PRIVADAS DE PROC DE DADOS DE CURITIBA E REGIAO METROPOLITANA
34598,,,,Trabalhando,,PRODUCT MANAGER II,1410.0,SITEPD PR - SIND DOS TRAB EM EMPR PRIVADAS DE PROC DE DADOS DE CURITIBA E REGIAO METROPOLITANA
26174,,,,Férias,,CONSULTOR TECNICO SAP III,1410.0,SITEPD PR - SIND DOS TRAB EM EMPR PRIVADAS DE PROC DE DADOS DE CURITIBA E REGIAO METROPOLITANA
25614,,,,Trabalhando,,PRODUCT OWNER II,1410.0,SITEPD PR - SIND DOS TRAB EM EMPR PRIVADAS DE PROC DE DADOS DE CURITIBA E REGIAO METROPOLITANA
31698,,,,Trabalhando,,CONSULTOR FUNCIONAL SAP III,1410.0,SITEPD PR - SIND DOS TRAB EM EMPR PRIVADAS DE PROC DE DADOS DE CURITIBA E REGIAO METROPOLITANA
32903,,,,Trabalhando,,ENGENHEIRO DE DADOS I,1410.0,SITEPD PR - SIND DOS TRAB EM EMPR PRIVADAS DE PROC DE DADOS DE CURITIBA E REGIAO METROPOLITANA
24316,,,,Trabalhando,,ARQUITETO DE SOFTWARE II,1410.0,SITEPD PR - SIND DOS TRAB EM EMPR PRIVADAS DE PROC DE DADOS DE CURITIBA E REGIAO METROPOLITANA
32020,,,,Trabalhando,,DESIGNER UX/UI II,1410.0,SITEPD PR - SIND DOS TRAB EM EMPR PRIVADAS DE PROC DE DADOS DE CURITIBA E REGIAO METROPOLITANA
30621,,,,Trabalhando,,DESIGNER UX/UI III,1410.0,SITEPD PR - SIND DOS TRAB EM EMPR PRIVADAS DE PROC DE DADOS DE CURITIBA E REGIAO METROPOLITANA
25330,,,,Férias,,DESENVOLVEDOR III,1410.0,SITEPD PR - SIND DOS TRAB EM EMPR PRIVADAS DE PROC DE DADOS DE CURITIBA E REGIAO METROPOLITANA
35688,,,,Trabalhando,,PRODUCT MANAGER I,1410.0,SITEPD PR - SIND DOS TRAB EM EMPR PRIVADAS DE PROC DE DADOS DE CURITIBA E REGIAO METROPOLITANA
35014,,,,Trabalhando,,ASSISTENTE DE BPO I,1410.0,SITEPD PR - SIND DOS TRAB EM EMPR PRIVADAS DE PROC DE DADOS DE CURITIBA E REGIAO METROPOLITANA
26702,,,,Trabalhando,,DESENVOLVEDOR II,1410.0,SITEPD PR - SIND DOS TRAB EM EMPR PRIVADAS DE PROC DE DADOS DE CURITIBA E REGIAO METROPOLITANA
31033,,,,Trabalhando,,DESENVOLVEDOR I,1410.0,SITEPD PR - SIND DOS TRAB EM EMPR PRIVADAS DE PROC DE DADOS DE CURITIBA E REGIAO METROPOLITANA
30039,,,,Trabalhando,,GERENTE DE PROJETOS II,1410.0,SITEPD PR - SIND DOS TRAB EM EMPR PRIVADAS DE PROC DE DADOS DE CURITIBA E REGIAO METROPOLITANA
31302,,,,Trabalhando,,ANALISTA DE SUPORTE I,1410.0,SITEPD PR - SIND DOS TRAB EM EMPR PRIVADAS DE PROC DE DADOS DE CURITIBA E REGIAO METROPOLITANA
30146,,,,Trabalhando,,CONSULTOR FUNCIONAL SAP III,1410.0,SITEPD PR - SIND DOS TRAB EM EMPR PRIVADAS DE PROC DE DADOS DE CURITIBA E REGIAO METROPOLITANA
35134,,,,Trabalhando,,CONSULTOR FUNCIONAL SAP III,1410.0,SITEPD PR - SIND DOS TRAB EM EMPR PRIVADAS DE PROC DE DADOS DE CURITIBA E REGIAO METROPOLITANA
35753,,,,Trabalhando,,COORDENADOR DE OPERACOES III,1410.0,SITEPD PR - SIND DOS TRAB EM EMPR PRIVADAS DE PROC DE DADOS DE CURITIBA E REGIAO METROPOLITANA
30320,,,,Trabalhando,,COORDENADOR DE OPERACOES I,1410.0,SITEPD PR - SIND DOS TRAB EM EMPR PRIVADAS DE PROC DE DADOS DE CURITIBA E REGIAO METROPOLITANA
33505,,,,Trabalhando,,GERENTE DE OPERACOES II,1410.0,SITEPD PR - SIND DOS TRAB EM EMPR PRIVADAS DE PROC DE DADOS DE CURITIBA E REGIAO METROPOLITANA
34634,,,,Trabalhando,,DELIVERY MANAGER,1410.0,SITEPD PR - SIND DOS TRAB EM EMPR PRIVADAS DE PROC DE DADOS DE CURITIBA E REGIAO METROPOLITANA
34235,,,,Trabalhando,,LIDER DE SAP,1410.0,SITEPD PR - SIND DOS TRAB EM EMPR PRIVADAS DE PROC DE DADOS DE CURITIBA E REGIAO METROPOLITANA
27198,,,,Trabalhando,,ANALISTA CONTABIL-FISCAL I,1410.0,SITEPD PR - SIND DOS TRAB EM EMPR PRIVADAS DE PROC DE DADOS DE CURITIBA E REGIAO METROPOLITANA
32880,,,,Trabalhando,,DESENVOLVEDOR III,1410.0,SITEPD PR - SIND DOS TRAB EM EMPR PRIVADAS DE PROC DE DADOS DE CURITIBA E REGIAO METROPOLITANA
34144,,,,Trabalhando,,CONSULTOR DE IMPLEMENTACAO II,1410.0,SITEPD PR - SIND DOS TRAB EM EMPR PRIVADAS DE PROC DE DADOS DE CURITIBA E REGIAO METROPOLITANA
32266,,,,Trabalhando,,TECH RECRUITER II,1410.0,SINDPD RJ - SINDICATO PROFISSIONAIS DE PROC DADOS DO RIO DE JANEIRO
34871,,,,Férias,,ASSISTENTE DE COMUNICACAO E MARKETING,1410.0,SINDPD RJ - SINDICATO PROFISSIONAIS DE PROC DADOS DO RIO DE JANEIRO
35425,,,,Trabalhando,,PRODUCT OWNER III,1410.0,SINDPD RJ - SINDICATO PROFISSIONAIS DE PROC DADOS DO RIO DE JANEIRO
26578,,,,Trabalhando,,AGILE COACH I,1410.0,SINDPD RJ - SINDICATO PROFISSIONAIS DE PROC DADOS DO RIO DE JANEIRO
26781,,,,Férias,,AGILE COACH II,1410.0,SINDPD RJ - SINDICATO PROFISSIONAIS DE PROC DADOS DO RIO DE JANEIRO
33849,,,,Trabalhando,,ENTERPRISE AGILE COACH,1410.0,SINDPD RJ - SINDICATO PROFISSIONAIS DE PROC DADOS DO RIO DE JANEIRO
32016,,,,Trabalhando,,AGILE MASTER,1410.0,SINDPD RJ - SINDICATO PROFISSIONAIS DE PROC DADOS DO RIO DE JANEIRO
35657,,,,Trabalhando,,AGILE MASTER,1410.0,SINDPD RJ - SINDICATO PROFISSIONAIS DE PROC DADOS DO RIO DE JANEIRO
35707,,,,Trabalhando,,AGILE MASTER,1410.0,SINDPD RJ - SINDICATO PROFISSIONAIS DE PROC DADOS DO RIO DE JANEIRO
34926,,,,Trabalhando,,AGILE MASTER,1410.0,SINDPD RJ - SINDICATO PROFISSIONAIS DE PROC DADOS DO RIO DE JANEIRO
35030,,,,Trabalhando,,AGILE MASTER,1410.0,SINDPD RJ - SINDICATO PROFISSIONAIS DE PROC DADOS DO RIO DE JANEIRO
35522,,,,Trabalhando,,AGILE MASTER,1410.0,SINDPD RJ - SINDICATO PROFISSIONAIS DE PROC DADOS DO RIO DE JANEIRO
35523,,,,Trabalhando,,AGILE MASTER,1410.0,SINDPD RJ - SINDICATO PROFISSIONAIS DE PROC DADOS DO RIO DE JANEIRO
35775,,,,Trabalhando,,DESIGNER UX/UI II,1410.0,SINDPD RJ - SINDICATO PROFISSIONAIS DE PROC DADOS DO RIO DE JANEIRO
33720,,,,Trabalhando,,AGILE MASTER,1410.0,SINDPD RJ - SINDICATO PROFISSIONAIS DE PROC DADOS DO RIO DE JANEIRO
34039,,,,Trabalhando,,DESENVOLVEDOR DE RPA II,1410.0,SINDPD RJ - SINDICATO PROFISSIONAIS DE PROC DADOS DO RIO DE JANEIRO
34898,,,,Trabalhando,,AGILE MASTER,1410.0,SINDPD RJ - SINDICATO PROFISSIONAIS DE PROC DADOS DO RIO DE JANEIRO
32331,,,,Trabalhando,,DESIGNER UX/UI III,1410.0,SINDPD RJ - SINDICATO PROFISSIONAIS DE PROC DADOS DO RIO DE JANEIRO
34747,,,,Trabalhando,,DESENVOLVEDOR III,1410.0,SINDPD RJ - SINDICATO PROFISSIONAIS DE PROC DADOS DO RIO DE JANEIRO
29107,,,,Trabalhando,,EXECUTIVO DE CONTAS I,1410.0,SINDPD RJ - SINDICATO PROFISSIONAIS DE PROC DADOS DO RIO DE JANEIRO
31847,,,,Trabalhando,,ANALISTA DE NEGOCIOS I,1410.0,SINDPD RJ - SINDICATO PROFISSIONAIS DE PROC DADOS DO RIO DE JANEIRO
25583,,,,Trabalhando,,ANALISTA DE SISTEMAS E NEGOCIOS III,1410.0,SINDPD RJ - SINDICATO PROFISSIONAIS DE PROC DADOS DO RIO DE JANEIRO
35466,,,,Trabalhando,,ANALISTA DE SUPORTE I,1410.0,SINDPD RJ - SINDICATO PROFISSIONAIS DE PROC DADOS DO RIO DE JANEIRO
32812,,,,Trabalhando,,ANALISTA DE SUPORTE II,1410.0,SINDPD RJ - SINDICATO PROFISSIONAIS DE PROC DADOS DO RIO DE JANEIRO
32056,,,,Trabalhando,,COORDENADOR DE OPERACOES I,1410.0,SINDPD RJ - SINDICATO PROFISSIONAIS DE PROC DADOS DO RIO DE JANEIRO
28976,,,,Trabalhando,,DESENVOLVEDOR III,1410.0,SINDPD RJ - SINDICATO PROFISSIONAIS DE PROC DADOS DO RIO DE JANEIRO
31093,,,,Trabalhando,,DESENVOLVEDOR III,1410.0,SINDPD RJ - SINDICATO PROFISSIONAIS DE PROC DADOS DO RIO DE JANEIRO
31012,,,,Trabalhando,,ANALISTA DEVSECOPS II,1410.0,SINDPD RJ - SINDICATO PROFISSIONAIS DE PROC DADOS DO RIO DE JANEIRO
25310,,,,Férias,,ESPECIALISTA DE DADOS I,1410.0,SINDPD RJ - SINDICATO PROFISSIONAIS DE PROC DADOS DO RIO DE JANEIRO
35595,,,,Trabalhando,,DESENVOLVEDOR I,1410.0,SINDPD RJ - SINDICATO PROFISSIONAIS DE PROC DADOS DO RIO DE JANEIRO
26307,,,,Trabalhando,,ANALISTA DE INFRAESTRUTURA DE TI II,1410.0,SINDPD RJ - SINDICATO PROFISSIONAIS DE PROC DADOS DO RIO DE JANEIRO
34716,,,,Trabalhando,,DESENVOLVEDOR III,1410.0,SINDPD RJ - SINDICATO PROFISSIONAIS DE PROC DADOS DO RIO DE JANEIRO
33394,,,,Trabalhando,,DESENVOLVEDOR DE RPA I,1410.0,SINDPD RJ - SINDICATO PROFISSIONAIS DE PROC DADOS DO RIO DE JANEIRO
31100,,,,Trabalhando,,DESENVOLVEDOR DE RPA II,1410.0,SINDPD RJ - SINDICATO PROFISSIONAIS DE PROC DADOS DO RIO DE JANEIRO
34246,,,,Trabalhando,,ANALISTA DEVSECOPS III,1410.0,SINDPD RJ - SINDICATO PROFISSIONAIS DE PROC DADOS DO RIO DE JANEIRO
30685,,,,Trabalhando,,DESIGNER UX/UI III,1410.0,SINDPD RJ - SINDICATO PROFISSIONAIS DE PROC DADOS DO RIO DE JANEIRO
30719,,,,Trabalhando,,DEVELOPER III,1410.0,SINDPD RJ - SINDICATO PROFISSIONAIS DE PROC DADOS DO RIO DE JANEIRO
34694,,,,Trabalhando,,CONSULTOR FUNCIONAL SAP III,1410.0,SINDPD RJ - SINDICATO PROFISSIONAIS DE PROC DADOS DO RIO DE JANEIRO
31831,,,,Trabalhando,,DESENVOLVEDOR II,1410.0,SINDPD RJ - SINDICATO PROFISSIONAIS DE PROC DADOS DO RIO DE JANEIRO
32472,,,,Trabalhando,,DESENVOLVEDOR I,1410.0,SINDPD RJ - SINDICATO PROFISSIONAIS DE PROC DADOS DO RIO DE JANEIRO
31171,,,,Trabalhando,,ANALISTA DE PMO III,1410.0,SINDPD RJ - SINDICATO PROFISSIONAIS DE PROC DADOS DO RIO DE JANEIRO
34532,,,,Trabalhando,,ANALISTA DE SISTEMAS E NEGOCIOS II,1410.0,SINDPD RJ - SINDICATO PROFISSIONAIS DE PROC DADOS DO RIO DE JANEIRO
23836,,,,Trabalhando,,GERENTE DE OPERACOES I,1410.0,SINDPD RJ - SINDICATO PROFISSIONAIS DE PROC DADOS DO RIO DE JANEIRO
35714,,,,Trabalhando,,ANALISTA DE DADOS III,1410.0,SINDPD RJ - SINDICATO PROFISSIONAIS DE PROC DADOS DO RIO DE JANEIRO
34296,,,,Férias,,ANALISTA DEVSECOPS III,1410.0,SINDPD RJ - SINDICATO PROFISSIONAIS DE PROC DADOS DO RIO DE JANEIRO
34646,,,,Trabalhando,,ANALISTA DEVSECOPS III,1410.0,SINDPD RJ - SINDICATO PROFISSIONAIS DE PROC DADOS DO RIO DE JANEIRO
34845,,,,Trabalhando,,ANALISTA DEVSECOPS III,1410.0,SINDPD RJ - SINDICATO PROFISSIONAIS DE PROC DADOS DO RIO DE JANEIRO
33137,,,,Trabalhando,,TECH LEAD II,1410.0,SINDPD RJ - SINDICATO PROFISSIONAIS DE PROC DADOS DO RIO DE JANEIRO
32273,,,,Trabalhando,,DESENVOLVEDOR III,1410.0,SINDPD RJ - SINDICATO PROFISSIONAIS DE PROC DADOS DO RIO DE JANEIRO
34419,,,,Trabalhando,,DESENVOLVEDOR II,1410.0,SINDPD RJ - SINDICATO PROFISSIONAIS DE PROC DADOS DO RIO DE JANEIRO
31315,,,,Trabalhando,,DESENVOLVEDOR II,1410.0,SINDPD RJ - SINDICATO PROFISSIONAIS DE PROC DADOS DO RIO DE JANEIRO
31905,,,,Trabalhando,,CONSULTOR FUNCIONAL SAP III,1410.0,SINDPD RJ - SINDICATO PROFISSIONAIS DE PROC DADOS DO RIO DE JANEIRO
31255,,,,Trabalhando,,GERENTE DE ARQUITETURA E GOVERNANCA,1410.0,SINDPD RJ - SINDICATO PROFISSIONAIS DE PROC DADOS DO RIO DE JANEIRO
33502,,,,Trabalhando,,DESENVOLVEDOR I,1410.0,SINDPD RJ - SINDICATO PROFISSIONAIS DE PROC DADOS DO RIO DE JANEIRO
32803,,,,Férias,,ANALISTA DE SEGURANCA DA INFORMACAO II,1410.0,SINDPD RJ - SINDICATO PROFISSIONAIS DE PROC DADOS DO RIO DE JANEIRO
32760,,,,Trabalhando,,ANALISTA DE SUPORTE II,1410.0,SINDPD RJ - SINDICATO PROFISSIONAIS DE PROC DADOS DO RIO DE JANEIRO
32449,,,,Trabalhando,,DESENVOLVEDOR III,1410.0,SINDPD RJ - SINDICATO PROFISSIONAIS DE PROC DADOS DO RIO DE JANEIRO
33867,,,,Trabalhando,,ASSISTENTE ADMINISTRATIVO,1410.0,SINDPD RJ - SINDICATO PROFISSIONAIS DE PROC DADOS DO RIO DE JANEIRO
24490,,,,Trabalhando,,DESENVOLVEDOR III,1410.0,SINDPD RJ - SINDICATO PROFISSIONAIS DE PROC DADOS DO RIO DE JANEIRO
25379,,,,Trabalhando,,TECH LEAD I,1410.0,SINDPD RJ - SINDICATO PROFISSIONAIS DE PROC DADOS DO RIO DE JANEIRO
33535,,,,Trabalhando,,ANALISTA DE DADOS II,1410.0,SINDPD RJ - SINDICATO PROFISSIONAIS DE PROC DADOS DO RIO DE JANEIRO
33847,,,,Trabalhando,,ANALISTA DE DADOS II,1410.0,SINDPD RJ - SINDICATO PROFISSIONAIS DE PROC DADOS DO RIO DE JANEIRO
34848,,,,Trabalhando,,DESENVOLVEDOR II,1410.0,SINDPD RJ - SINDICATO PROFISSIONAIS DE PROC DADOS DO RIO DE JANEIRO
30083,,,,Trabalhando,,ANALISTA DE SISTEMAS E NEGOCIOS II,1410.0,SINDPD RJ - SINDICATO PROFISSIONAIS DE PROC DADOS DO RIO DE JANEIRO
31956,,,,Trabalhando,,COORDENADOR DE OPERACOES I,1410.0,SINDPD RJ - SINDICATO PROFISSIONAIS DE PROC DADOS DO RIO DE JANEIRO
34815,,,,Trabalhando,,DESENVOLVEDOR II,1410.0,SINDPD RJ - SINDICATO PROFISSIONAIS DE PROC DADOS DO RIO DE JANEIRO
33538,,,,Trabalhando,,DESENVOLVEDOR II,1410.0,SINDPD RJ - SINDICATO PROFISSIONAIS DE PROC DADOS DO RIO DE JANEIRO
34931,,,,Trabalhando,,DESENVOLVEDOR III,1410.0,SINDPD RJ - SINDICATO PROFISSIONAIS DE PROC DADOS DO RIO DE JANEIRO
35112,,,,Trabalhando,,ASSISTENTE DE BPO I,1410.0,SINDPD RJ - SINDICATO PROFISSIONAIS DE PROC DADOS DO RIO DE JANEIRO
33605,,,,Trabalhando,,DESENVOLVEDOR DE RPA II,1410.0,SINDPD RJ - SINDICATO PROFISSIONAIS DE PROC DADOS DO RIO DE JANEIRO
31077,,,,Férias,,ANALISTA DE DADOS III,1410.0,SINDPD RJ - SINDICATO PROFISSIONAIS DE PROC DADOS DO RIO DE JANEIRO
33734,,,,Trabalhando,,ANALISTA DE PROCESSOS II,1410.0,SINDPD RJ - SINDICATO PROFISSIONAIS DE PROC DADOS DO RIO DE JANEIRO
32776,,,,Trabalhando,,CONSULTOR FUNCIONAL SAP II,1410.0,SINDPD RJ - SINDICATO PROFISSIONAIS DE PROC DADOS DO RIO DE JANEIRO
32974,,,,Trabalhando,,AGILE MASTER,1410.0,SINDPD RJ - SINDICATO PROFISSIONAIS DE PROC DADOS DO RIO DE JANEIRO
34453,,,,Trabalhando,,CIENTISTA DE DADOS ESPECIALISTA II,1410.0,SINDPD RJ - SINDICATO PROFISSIONAIS DE PROC DADOS DO RIO DE JANEIRO
31800,,,,Trabalhando,,AGILE MASTER,1410.0,SINDPD RJ - SINDICATO PROFISSIONAIS DE PROC DADOS DO RIO DE JANEIRO
32764,,,,Trabalhando,,DESIGNER UX/UI III,1410.0,SINDPD RJ - SINDICATO PROFISSIONAIS DE PROC DADOS DO RIO DE JANEIRO
30859,,,,Trabalhando,,GERENTE DE OPERACOES II,1410.0,SINDPD RJ - SINDICATO PROFISSIONAIS DE PROC DADOS DO RIO DE JANEIRO
32767,,,,Trabalhando,,ANALISTA DE SEGURANCA DA INFORMACAO II,1410.0,SINDPD RJ - SINDICATO PROFISSIONAIS DE PROC DADOS DO RIO DE JANEIRO
32672,,,,Férias,,AGILE MASTER,1410.0,SINDPD RJ - SINDICATO PROFISSIONAIS DE PROC DADOS DO RIO DE JANEIRO
31413,,,,Trabalhando,,ANALISTA DE QUALIDADE DE SOFTWARE III,1410.0,SINDPD RJ - SINDICATO PROFISSIONAIS DE PROC DADOS DO RIO DE JANEIRO
31672,,,,Trabalhando,,TECH RECRUITER I,1410.0,SINDPD RJ - SINDICATO PROFISSIONAIS DE PROC DADOS DO RIO DE JANEIRO
29968,,,,Trabalhando,,CONSULTOR FUNCIONAL SAP III,1410.0,SINDPD RJ - SINDICATO PROFISSIONAIS DE PROC DADOS DO RIO DE JANEIRO
31436,,,,Trabalhando,,DESENVOLVEDOR I,1410.0,SINDPD RJ - SINDICATO PROFISSIONAIS DE PROC DADOS DO RIO DE JANEIRO
32916,,,,Trabalhando,,ANALISTA DE SUPORTE I,1410.0,SINDPD RJ - SINDICATO PROFISSIONAIS DE PROC DADOS DO RIO DE JANEIRO
34247,,,,Trabalhando,,CONSULTOR FUNCIONAL SAP II,1410.0,SINDPD RJ - SINDICATO PROFISSIONAIS DE PROC DADOS DO RIO DE JANEIRO
35104,,,,Trabalhando,,AGILE MASTER,1410.0,SINDPD RJ - SINDICATO PROFISSIONAIS DE PROC DADOS DO RIO DE JANEIRO
33806,,,,Férias,,ANALISTA DE NEGOCIOS II,1410.0,SINDPD RJ - SINDICATO PROFISSIONAIS DE PROC DADOS DO RIO DE JANEIRO
34743,,,,Trabalhando,,ASSISTENTE DE BPO I,1410.0,SINDPD RJ - SINDICATO PROFISSIONAIS DE PROC DADOS DO RIO DE JANEIRO
34817,,,,Trabalhando,,CONSULTOR FUNCIONAL SAP II,1410.0,SINDPD RJ - SINDICATO PROFISSIONAIS DE PROC DADOS DO RIO DE JANEIRO
35041,,,,Trabalhando,,ANALISTA DE SERVICE LEVEL MANAGEMENT I,1410.0,SINDPD RJ - SINDICATO PROFISSIONAIS DE PROC DADOS DO RIO DE JANEIRO
33106,,,,Licença Maternidade,,ANALISTA ADMINISTRATIVO I,1410.0,SINDPD RJ - SINDICATO PROFISSIONAIS DE PROC DADOS DO RIO DE JANEIRO
34791,,,,Trabalhando,,ASSISTENTE DE BPO I,1410.0,SINDPD RJ - SINDICATO PROFISSIONAIS DE PROC DADOS DO RIO DE JANEIRO
34784,,,,Trabalhando,,ASSISTENTE DE BPO I,1410.0,SINDPD RJ - SINDICATO PROFISSIONAIS DE PROC DADOS DO RIO DE JANEIRO
34954,,,,Trabalhando,,ASSISTENTE DE BPO I,1410.0,SINDPD RJ - SINDICATO PROFISSIONAIS DE PROC DADOS DO RIO DE JANEIRO
31485,,,,Trabalhando,,DESENVOLVEDOR III,1410.0,SINDPD RJ - SINDICATO PROFISSIONAIS DE PROC DADOS DO RIO DE JANEIRO
32614,,,,Trabalhando,,DESENVOLVEDOR II,1410.0,SINDPD RJ - SINDICATO PROFISSIONAIS DE PROC DADOS DO RIO DE JANEIRO
32798,,,,Trabalhando,,DESENVOLVEDOR II,1410.0,SINDPD RJ - SINDICATO PROFISSIONAIS DE PROC DADOS DO RIO DE JANEIRO
33610,,,,Trabalhando,,DESENVOLVEDOR II,1410.0,SINDPD RJ - SINDICATO PROFISSIONAIS DE PROC DADOS DO RIO DE JANEIRO
35514,,,,Trabalhando,,GERENTE DE OPERACOES I,1410.0,SINDPD RJ - SINDICATO PROFISSIONAIS DE PROC DADOS DO RIO DE JANEIRO
30615,,,,Trabalhando,,TECH RECRUITER I,1410.0,SINDPD RJ - SINDICATO PROFISSIONAIS DE PROC DADOS DO RIO DE JANEIRO
30062,,,,Trabalhando,,TECH RECRUITER II,1410.0,SINDPD RJ - SINDICATO PROFISSIONAIS DE PROC DADOS DO RIO DE JANEIRO
35245,,,,Trabalhando,,ASSISTENTE ADMINISTRATIVO,1410.0,SINDPPD RS - SINDICATO DOS TRAB. EM PROC. DE DADOS RIO GRANDE DO SUL
30112,,,,Trabalhando,,ANALISTA CONTABIL-FISCAL I,1410.0,SINDPPD RS - SINDICATO DOS TRAB. EM PROC. DE DADOS RIO GRANDE DO SUL
26147,,,,Trabalhando,,DESENVOLVEDOR II,1410.0,SINDPPD RS - SINDICATO DOS TRAB. EM PROC. DE DADOS RIO GRANDE DO SUL
26609,,,,Férias,,DESENVOLVEDOR II,1410.0,SINDPPD RS - SINDICATO DOS TRAB. EM PROC. DE DADOS RIO GRANDE DO SUL
28989,,,,Trabalhando,,DESENVOLVEDOR II,1410.0,SINDPPD RS - SINDICATO DOS TRAB. EM PROC. DE DADOS RIO GRANDE DO SUL
31204,,,,Trabalhando,,ANALISTA DE SUPORTE I,1410.0,SINDPPD RS - SINDICATO DOS TRAB. EM PROC. DE DADOS RIO GRANDE DO SUL
27163,,,,Trabalhando,,ANALISTA DE QUALIDADE DE SOFTWARE I,1410.0,SINDPPD RS - SINDICATO DOS TRAB. EM PROC. DE DADOS RIO GRANDE DO SUL
33060,,,,Trabalhando,,ASSISTENTE DE NEGOCIOS,1410.0,SINDPPD RS - SINDICATO DOS TRAB. EM PROC. DE DADOS RIO GRANDE DO SUL
34471,,,,Trabalhando,,ASSISTENTE DE NEGOCIOS II,1410.0,SINDPPD RS - SINDICATO DOS TRAB. EM PROC. DE DADOS RIO GRANDE DO SUL
25023,,,,Trabalhando,,GERENTE DE OPERACOES II,1410.0,SINDPPD RS - SINDICATO DOS TRAB. EM PROC. DE DADOS RIO GRANDE DO SUL
26336,,,,Férias,,COORDENADOR DE OPERACOES II,1410.0,SINDPPD RS - SINDICATO DOS TRAB. EM PROC. DE DADOS RIO GRANDE DO SUL
29075,,,,Trabalhando,,DESENVOLVEDOR II,1410.0,SINDPPD RS - SINDICATO DOS TRAB. EM PROC. DE DADOS RIO GRANDE DO SUL
27145,,,,Trabalhando,,DESENVOLVEDOR II,1410.0,SINDPPD RS - SINDICATO DOS TRAB. EM PROC. DE DADOS RIO GRANDE DO SUL
25165,,,,Trabalhando,,ANALISTA DE PMO II,1410.0,SINDPPD RS - SINDICATO DOS TRAB. EM PROC. DE DADOS RIO GRANDE DO SUL
30114,,,,Trabalhando,,ASSISTENTE DE BPO I,1410.0,SINDPPD RS - SINDICATO DOS TRAB. EM PROC. DE DADOS RIO GRANDE DO SUL
30134,,,,Trabalhando,,ASSISTENTE DE BPO I,1410.0,SINDPPD RS - SINDICATO DOS TRAB. EM PROC. DE DADOS RIO GRANDE DO SUL
32343,,,,Trabalhando,,ASSISTENTE DE BPO I,1410.0,SINDPPD RS - SINDICATO DOS TRAB. EM PROC. DE DADOS RIO GRANDE DO SUL
30123,,,,Trabalhando,,ASSISTENTE DE BPO I,1410.0,SINDPPD RS - SINDICATO DOS TRAB. EM PROC. DE DADOS RIO GRANDE DO SUL
32385,,,,Trabalhando,,ASSISTENTE DE BPO I,1410.0,SINDPPD RS - SINDICATO DOS TRAB. EM PROC. DE DADOS RIO GRANDE DO SUL
32389,,,,Trabalhando,,ASSISTENTE DE BPO I,1410.0,SINDPPD RS - SINDICATO DOS TRAB. EM PROC. DE DADOS RIO GRANDE DO SUL
32456,,,,Trabalhando,,ASSISTENTE DE BPO I,1410.0,SINDPPD RS - SINDICATO DOS TRAB. EM PROC. DE DADOS RIO GRANDE DO SUL
35274,,,,Trabalhando,,ASSISTENTE DE BPO I,1410.0,SINDPPD RS - SINDICATO DOS TRAB. EM PROC. DE DADOS RIO GRANDE DO SUL
30856,,,,Trabalhando,,ASSISTENTE DE BPO II,1410.0,SINDPPD RS - SINDICATO DOS TRAB. EM PROC. DE DADOS RIO GRANDE DO SUL
31584,,,,Trabalhando,,ASSISTENTE DE BPO II,1410.0,SINDPPD RS - SINDICATO DOS TRAB. EM PROC. DE DADOS RIO GRANDE DO SUL
34773,,,,Trabalhando,,ASSISTENTE DE BPO I,1410.0,SINDPPD RS - SINDICATO DOS TRAB. EM PROC. DE DADOS RIO GRANDE DO SUL
34925,,,,Trabalhando,,ASSISTENTE DE BPO I,1410.0,SINDPPD RS - SINDICATO DOS TRAB. EM PROC. DE DADOS RIO GRANDE DO SUL
35416,,,,Trabalhando,,ASSISTENTE DE BPO I,1410.0,SINDPPD RS - SINDICATO DOS TRAB. EM PROC. DE DADOS RIO GRANDE DO SUL
35461,,,,Trabalhando,,ASSISTENTE DE BPO I,1410.0,SINDPPD RS - SINDICATO DOS TRAB. EM PROC. DE DADOS RIO GRANDE DO SUL
35465,,,,Trabalhando,,ASSISTENTE DE BPO I,1410.0,SINDPPD RS - SINDICATO DOS TRAB. EM PROC. DE DADOS RIO GRANDE DO SUL
35613,,,,Trabalhando,,ASSISTENTE DE BPO I,1410.0,SINDPPD RS - SINDICATO DOS TRAB. EM PROC. DE DADOS RIO GRANDE DO SUL
35628,,,,Trabalhando,,ASSISTENTE DE BPO I,1410.0,SINDPPD RS - SINDICATO DOS TRAB. EM PROC. DE DADOS RIO GRANDE DO SUL
34996,,,,Trabalhando,,ASSISTENTE DE BPO I,1410.0,SINDPPD RS - SINDICATO DOS TRAB. EM PROC. DE DADOS RIO GRANDE DO SUL
35000,,,,Trabalhando,,ASSISTENTE DE BPO I,1410.0,SINDPPD RS - SINDICATO DOS TRAB. EM PROC. DE DADOS RIO GRANDE DO SUL
35001,,,,Trabalhando,,ASSISTENTE DE BPO I,1410.0,SINDPPD RS - SINDICATO DOS TRAB. EM PROC. DE DADOS RIO GRANDE DO SUL
35532,,,,Trabalhando,,ASSISTENTE DE BPO I,1410.0,SINDPPD RS - SINDICATO DOS TRAB. EM PROC. DE DADOS RIO GRANDE DO SUL
35004,,,,Trabalhando,,ASSISTENTE DE BPO I,1410.0,SINDPPD RS - SINDICATO DOS TRAB. EM PROC. DE DADOS RIO GRANDE DO SUL
33571,,,,Trabalhando,,ASSISTENTE DE BPO II,1410.0,SINDPPD RS - SINDICATO DOS TRAB. EM PROC. DE DADOS RIO GRANDE DO SUL
35229,,,,Trabalhando,,ASSISTENTE DE BPO II,1410.0,SINDPPD RS - SINDICATO DOS TRAB. EM PROC. DE DADOS RIO GRANDE DO SUL
34804,,,,Trabalhando,,ASSISTENTE DE BPO II,1410.0,SINDPPD RS - SINDICATO DOS TRAB. EM PROC. DE DADOS RIO GRANDE DO SUL
30119,,,,Trabalhando,,COORDENADOR DE BPO,1410.0,SINDPPD RS - SINDICATO DOS TRAB. EM PROC. DE DADOS RIO GRANDE DO SUL
26611,,,,Trabalhando,,DESENVOLVEDOR III,1410.0,SINDPPD RS - SINDICATO DOS TRAB. EM PROC. DE DADOS RIO GRANDE DO SUL
26361,,,,Trabalhando,,DEVELOPER II,1410.0,SINDPPD RS - SINDICATO DOS TRAB. EM PROC. DE DADOS RIO GRANDE DO SUL
34934,,,,Trabalhando,,DESENVOLVEDOR II,1410.0,SINDPPD RS - SINDICATO DOS TRAB. EM PROC. DE DADOS RIO GRANDE DO SUL
24511,,,,Trabalhando,,CONSULTOR FUNCIONAL SAP III,1410.0,SINDPPD RS - SINDICATO DOS TRAB. EM PROC. DE DADOS RIO GRANDE DO SUL
25233,,,,Auxílio Doença,,ANALISTA DE SUPORTE II,1410.0,SINDPPD RS - SINDICATO DOS TRAB. EM PROC. DE DADOS RIO GRANDE DO SUL
34778,,,,Trabalhando,,ASSISTENTE DE BPO I,1410.0,SINDPPD RS - SINDICATO DOS TRAB. EM PROC. DE DADOS RIO GRANDE DO SUL
34779,,,,Trabalhando,,ASSISTENTE DE BPO I,1410.0,SINDPPD RS - SINDICATO DOS TRAB. EM PROC. DE DADOS RIO GRANDE DO SUL
34783,,,,Trabalhando,,ASSISTENTE DE BPO I,1410.0,SINDPPD RS - SINDICATO DOS TRAB. EM PROC. DE DADOS RIO GRANDE DO SUL
34788,,,,Trabalhando,,ASSISTENTE DE BPO I,1410.0,SINDPPD RS - SINDICATO DOS TRAB. EM PROC. DE DADOS RIO GRANDE DO SUL
34793,,,,Trabalhando,,ASSISTENTE DE BPO I,1410.0,SINDPPD RS - SINDICATO DOS TRAB. EM PROC. DE DADOS RIO GRANDE DO SUL
34797,,,,Trabalhando,,ASSISTENTE DE BPO I,1410.0,SINDPPD RS - SINDICATO DOS TRAB. EM PROC. DE DADOS RIO GRANDE DO SUL
35354,,,,Trabalhando,,ASSISTENTE DE BPO I,1410.0,SINDPPD RS - SINDICATO DOS TRAB. EM PROC. DE DADOS RIO GRANDE DO SUL
35614,,,,Trabalhando,,ASSISTENTE DE BPO I,1410.0,SINDPPD RS - SINDICATO DOS TRAB. EM PROC. DE DADOS RIO GRANDE DO SUL
35332,,,,Trabalhando,,ASSISTENTE DE BPO I,1410.0,SINDPPD RS - SINDICATO DOS TRAB. EM PROC. DE DADOS RIO GRANDE DO SUL
35339,,,,Trabalhando,,ASSISTENTE DE BPO I,1410.0,SINDPPD RS - SINDICATO DOS TRAB. EM PROC. DE DADOS RIO GRANDE DO SUL
35344,,,,Trabalhando,,ASSISTENTE DE BPO I,1410.0,SINDPPD RS - SINDICATO DOS TRAB. EM PROC. DE DADOS RIO GRANDE DO SUL
35345,,,,Trabalhando,,ASSISTENTE DE BPO I,1410.0,SINDPPD RS - SINDICATO DOS TRAB. EM PROC. DE DADOS RIO GRANDE DO SUL
35348,,,,Trabalhando,,ASSISTENTE DE BPO I,1410.0,SINDPPD RS - SINDICATO DOS TRAB. EM PROC. DE DADOS RIO GRANDE DO SUL
35353,,,,Trabalhando,,ASSISTENTE DE BPO I,1410.0,SINDPPD RS - SINDICATO DOS TRAB. EM PROC. DE DADOS RIO GRANDE DO SUL
35318,,,,Trabalhando,,ASSISTENTE DE BPO I,1410.0,SINDPPD RS - SINDICATO DOS TRAB. EM PROC. DE DADOS RIO GRANDE DO SUL
35319,,,,Trabalhando,,ASSISTENTE DE BPO I,1410.0,SINDPPD RS - SINDICATO DOS TRAB. EM PROC. DE DADOS RIO GRANDE DO SUL
35320,,,,Trabalhando,,ASSISTENTE DE BPO I,1410.0,SINDPPD RS - SINDICATO DOS TRAB. EM PROC. DE DADOS RIO GRANDE DO SUL
35323,,,,Trabalhando,,ASSISTENTE DE BPO I,1410.0,SINDPPD RS - SINDICATO DOS TRAB. EM PROC. DE DADOS RIO GRANDE DO SUL
35324,,,,Trabalhando,,ASSISTENTE DE BPO I,1410.0,SINDPPD RS - SINDICATO DOS TRAB. EM PROC. DE DADOS RIO GRANDE DO SUL
35327,,,,Trabalhando,,ASSISTENTE DE BPO I,1410.0,SINDPPD RS - SINDICATO DOS TRAB. EM PROC. DE DADOS RIO GRANDE DO SUL
35299,,,,Trabalhando,,ASSISTENTE DE BPO I,1410.0,SINDPPD RS - SINDICATO DOS TRAB. EM PROC. DE DADOS RIO GRANDE DO SUL
35300,,,,Trabalhando,,ASSISTENTE DE BPO I,1410.0,SINDPPD RS - SINDICATO DOS TRAB. EM PROC. DE DADOS RIO GRANDE DO SUL
35301,,,,Trabalhando,,ASSISTENTE DE BPO I,1410.0,SINDPPD RS - SINDICATO DOS TRAB. EM PROC. DE DADOS RIO GRANDE DO SUL
35308,,,,Trabalhando,,ASSISTENTE DE BPO I,1410.0,SINDPPD RS - SINDICATO DOS TRAB. EM PROC. DE DADOS RIO GRANDE DO SUL
35312,,,,Trabalhando,,ASSISTENTE DE BPO I,1410.0,SINDPPD RS - SINDICATO DOS TRAB. EM PROC. DE DADOS RIO GRANDE DO SUL
35317,,,,Trabalhando,,ASSISTENTE DE BPO I,1410.0,SINDPPD RS - SINDICATO DOS TRAB. EM PROC. DE DADOS RIO GRANDE DO SUL
35286,,,,Trabalhando,,ASSISTENTE DE BPO I,1410.0,SINDPPD RS - SINDICATO DOS TRAB. EM PROC. DE DADOS RIO GRANDE DO SUL
35288,,,,Trabalhando,,ASSISTENTE DE BPO I,1410.0,SINDPPD RS - SINDICATO DOS TRAB. EM PROC. DE DADOS RIO GRANDE DO SUL
35290,,,,Trabalhando,,ASSISTENTE DE BPO I,1410.0,SINDPPD RS - SINDICATO DOS TRAB. EM PROC. DE DADOS RIO GRANDE DO SUL
35292,,,,Trabalhando,,ASSISTENTE DE BPO I,1410.0,SINDPPD RS - SINDICATO DOS TRAB. EM PROC. DE DADOS RIO GRANDE DO SUL
35295,,,,Trabalhando,,ASSISTENTE DE BPO I,1410.0,SINDPPD RS - SINDICATO DOS TRAB. EM PROC. DE DADOS RIO GRANDE DO SUL
35298,,,,Trabalhando,,ASSISTENTE DE BPO I,1410.0,SINDPPD RS - SINDICATO DOS TRAB. EM PROC. DE DADOS RIO GRANDE DO SUL
35028,,,,Trabalhando,,ASSISTENTE DE BPO I,1410.0,SINDPPD RS - SINDICATO DOS TRAB. EM PROC. DE DADOS RIO GRANDE DO SUL
35048,,,,Trabalhando,,ASSISTENTE DE BPO I,1410.0,SINDPPD RS - SINDICATO DOS TRAB. EM PROC. DE DADOS RIO GRANDE DO SUL
35282,,,,Trabalhando,,ASSISTENTE DE BPO I,1410.0,SINDPPD RS - SINDICATO DOS TRAB. EM PROC. DE DADOS RIO GRANDE DO SUL
35285,,,,Trabalhando,,ASSISTENTE DE BPO I,1410.0,SINDPPD RS - SINDICATO DOS TRAB. EM PROC. DE DADOS RIO GRANDE DO SUL
34800,,,,Trabalhando,,ASSISTENTE DE BPO I,1410.0,SINDPPD RS - SINDICATO DOS TRAB. EM PROC. DE DADOS RIO GRANDE DO SUL
34802,,,,Trabalhando,,ASSISTENTE DE BPO I,1410.0,SINDPPD RS - SINDICATO DOS TRAB. EM PROC. DE DADOS RIO GRANDE DO SUL
34806,,,,Trabalhando,,ASSISTENTE DE BPO I,1410.0,SINDPPD RS - SINDICATO DOS TRAB. EM PROC. DE DADOS RIO GRANDE DO SUL
34809,,,,Trabalhando,,ASSISTENTE DE BPO I,1410.0,SINDPPD RS - SINDICATO DOS TRAB. EM PROC. DE DADOS RIO GRANDE DO SUL
34818,,,,Trabalhando,,ASSISTENTE DE BPO I,1410.0,SINDPPD RS - SINDICATO DOS TRAB. EM PROC. DE DADOS RIO GRANDE DO SUL
34829,,,,Trabalhando,,ASSISTENTE DE BPO I,1410.0,SINDPPD RS - SINDICATO DOS TRAB. EM PROC. DE DADOS RIO GRANDE DO SUL
34767,,,,Trabalhando,,ASSISTENTE DE BPO I,1410.0,SINDPPD RS - SINDICATO DOS TRAB. EM PROC. DE DADOS RIO GRANDE DO SUL
34777,,,,Trabalhando,,ASSISTENTE DE BPO I,1410.0,SINDPPD RS - SINDICATO DOS TRAB. EM PROC. DE DADOS RIO GRANDE DO SUL
34780,,,,Trabalhando,,ASSISTENTE DE BPO I,1410.0,SINDPPD RS - SINDICATO DOS TRAB. EM PROC. DE DADOS RIO GRANDE DO SUL
34787,,,,Trabalhando,,ASSISTENTE DE BPO I,1410.0,SINDPPD RS - SINDICATO DOS TRAB. EM PROC. DE DADOS RIO GRANDE DO SUL
34798,,,,Trabalhando,,ASSISTENTE DE BPO I,1410.0,SINDPPD RS - SINDICATO DOS TRAB. EM PROC. DE DADOS RIO GRANDE DO SUL
35340,,,,Trabalhando,,ASSISTENTE DE BPO I,1410.0,SINDPPD RS - SINDICATO DOS TRAB. EM PROC. DE DADOS RIO GRANDE DO SUL
35341,,,,Trabalhando,,ASSISTENTE DE BPO I,1410.0,SINDPPD RS - SINDICATO DOS TRAB. EM PROC. DE DADOS RIO GRANDE DO SUL
35350,,,,Trabalhando,,ASSISTENTE DE BPO I,1410.0,SINDPPD RS - SINDICATO DOS TRAB. EM PROC. DE DADOS RIO GRANDE DO SUL
35322,,,,Trabalhando,,ASSISTENTE DE BPO I,1410.0,SINDPPD RS - SINDICATO DOS TRAB. EM PROC. DE DADOS RIO GRANDE DO SUL
35325,,,,Trabalhando,,ASSISTENTE DE BPO I,1410.0,SINDPPD RS - SINDICATO DOS TRAB. EM PROC. DE DADOS RIO GRANDE DO SUL
35330,,,,Trabalhando,,ASSISTENTE DE BPO I,1410.0,SINDPPD RS - SINDICATO DOS TRAB. EM PROC. DE DADOS RIO GRANDE DO SUL
35333,,,,Atestado,,ASSISTENTE DE BPO I,1410.0,SINDPPD RS - SINDICATO DOS TRAB. EM PROC. DE DADOS RIO GRANDE DO SUL
35334,,,,Trabalhando,,ASSISTENTE DE BPO I,1410.0,SINDPPD RS - SINDICATO DOS TRAB. EM PROC. DE DADOS RIO GRANDE DO SUL
35336,,,,Trabalhando,,ASSISTENTE DE BPO I,1410.0,SINDPPD RS - SINDICATO DOS TRAB. EM PROC. DE DADOS RIO GRANDE DO SUL
35305,,,,Trabalhando,,ASSISTENTE DE BPO I,1410.0,SINDPPD RS - SINDICATO DOS TRAB. EM PROC. DE DADOS RIO GRANDE DO SUL
35306,,,,Trabalhando,,ASSISTENTE DE BPO I,1410.0,SINDPPD RS - SINDICATO DOS TRAB. EM PROC. DE DADOS RIO GRANDE DO SUL
35309,,,,Trabalhando,,ASSISTENTE DE BPO I,1410.0,SINDPPD RS - SINDICATO DOS TRAB. EM PROC. DE DADOS RIO GRANDE DO SUL
35311,,,,Trabalhando,,ASSISTENTE DE BPO I,1410.0,SINDPPD RS - SINDICATO DOS TRAB. EM PROC. DE DADOS RIO GRANDE DO SUL
35314,,,,Trabalhando,,ASSISTENTE DE BPO I,1410.0,SINDPPD RS - SINDICATO DOS TRAB. EM PROC. DE DADOS RIO GRANDE DO SUL
35315,,,,Trabalhando,,ASSISTENTE DE BPO I,1410.0,SINDPPD RS - SINDICATO DOS TRAB. EM PROC. DE DADOS RIO GRANDE DO SUL
35284,,,,Trabalhando,,ASSISTENTE DE BPO I,1410.0,SINDPPD RS - SINDICATO DOS TRAB. EM PROC. DE DADOS RIO GRANDE DO SUL
35287,,,,Trabalhando,,ASSISTENTE DE BPO I,1410.0,SINDPPD RS - SINDICATO DOS TRAB. EM PROC. DE DADOS RIO GRANDE DO SUL
35289,,,,Trabalhando,,ASSISTENTE DE BPO I,1410.0,SINDPPD RS - SINDICATO DOS TRAB. EM PROC. DE DADOS RIO GRANDE DO SUL
35291,,,,Trabalhando,,ASSISTENTE DE BPO I,1410.0,SINDPPD RS - SINDICATO DOS TRAB. EM PROC. DE DADOS RIO GRANDE DO SUL
35296,,,,Trabalhando,,ASSISTENTE DE BPO I,1410.0,SINDPPD RS - SINDICATO DOS TRAB. EM PROC. DE DADOS RIO GRANDE DO SUL
35303,,,,Trabalhando,,ASSISTENTE DE BPO I,1410.0,SINDPPD RS - SINDICATO DOS TRAB. EM PROC. DE DADOS RIO GRANDE DO SUL
34807,,,,Trabalhando,,ASSISTENTE DE BPO I,1410.0,SINDPPD RS - SINDICATO DOS TRAB. EM PROC. DE DADOS RIO GRANDE DO SUL
34811,,,,Trabalhando,,ASSISTENTE DE BPO I,1410.0,SINDPPD RS - SINDICATO DOS TRAB. EM PROC. DE DADOS RIO GRANDE DO SUL
34812,,,,Trabalhando,,ASSISTENTE DE BPO I,1410.0,SINDPPD RS - SINDICATO DOS TRAB. EM PROC. DE DADOS RIO GRANDE DO SUL
34821,,,,Trabalhando,,ASSISTENTE DE BPO I,1410.0,SINDPPD RS - SINDICATO DOS TRAB. EM PROC. DE DADOS RIO GRANDE DO SUL
34826,,,,Trabalhando,,ASSISTENTE DE BPO I,1410.0,SINDPPD RS - SINDICATO DOS TRAB. EM PROC. DE DADOS RIO GRANDE DO SUL
35283,,,,Trabalhando,,ASSISTENTE DE BPO I,1410.0,SINDPPD RS - SINDICATO DOS TRAB. EM PROC. DE DADOS RIO GRANDE DO SUL
34774,,,,Trabalhando,,ASSISTENTE DE BPO I,1410.0,SINDPPD RS - SINDICATO DOS TRAB. EM PROC. DE DADOS RIO GRANDE DO SUL
34794,,,,Trabalhando,,ASSISTENTE DE BPO I,1410.0,SINDPPD RS - SINDICATO DOS TRAB. EM PROC. DE DADOS RIO GRANDE DO SUL
35663,,,,Trabalhando,,ASSISTENTE DE BPO I,1410.0,SINDPPD RS - SINDICATO DOS TRAB. EM PROC. DE DADOS RIO GRANDE DO SUL
35673,,,,Trabalhando,,ASSISTENTE DE BPO I,1410.0,SINDPPD RS - SINDICATO DOS TRAB. EM PROC. DE DADOS RIO GRANDE DO SUL
35694,,,,Trabalhando,,ASSISTENTE DE BPO I,1410.0,SINDPPD RS - SINDICATO DOS TRAB. EM PROC. DE DADOS RIO GRANDE DO SUL
35696,,,,Trabalhando,,ASSISTENTE DE BPO I,1410.0,SINDPPD RS - SINDICATO DOS TRAB. EM PROC. DE DADOS RIO GRANDE DO SUL
35450,,,,Trabalhando,,ASSISTENTE DE BPO I,1410.0,SINDPPD RS - SINDICATO DOS TRAB. EM PROC. DE DADOS RIO GRANDE DO SUL
35482,,,,Trabalhando,,ASSISTENTE DE BPO I,1410.0,SINDPPD RS - SINDICATO DOS TRAB. EM PROC. DE DADOS RIO GRANDE DO SUL
35484,,,,Trabalhando,,ASSISTENTE DE BPO I,1410.0,SINDPPD RS - SINDICATO DOS TRAB. EM PROC. DE DADOS RIO GRANDE DO SUL
35410,,,,Trabalhando,,ASSISTENTE DE BPO I,1410.0,SINDPPD RS - SINDICATO DOS TRAB. EM PROC. DE DADOS RIO GRANDE DO SUL
35440,,,,Trabalhando,,ASSISTENTE DE BPO I,1410.0,SINDPPD RS - SINDICATO DOS TRAB. EM PROC. DE DADOS RIO GRANDE DO SUL
35443,,,,Trabalhando,,ASSISTENTE DE BPO I,1410.0,SINDPPD RS - SINDICATO DOS TRAB. EM PROC. DE DADOS RIO GRANDE DO SUL
35444,,,,Trabalhando,,ASSISTENTE DE BPO I,1410.0,SINDPPD RS - SINDICATO DOS TRAB. EM PROC. DE DADOS RIO GRANDE DO SUL
34796,,,,Trabalhando,,ASSISTENTE DE BPO I,1410.0,SINDPPD RS - SINDICATO DOS TRAB. EM PROC. DE DADOS RIO GRANDE DO SUL
34801,,,,Trabalhando,,ASSISTENTE DE BPO I,1410.0,SINDPPD RS - SINDICATO DOS TRAB. EM PROC. DE DADOS RIO GRANDE DO SUL
34805,,,,Trabalhando,,ASSISTENTE DE BPO I,1410.0,SINDPPD RS - SINDICATO DOS TRAB. EM PROC. DE DADOS RIO GRANDE DO SUL
35045,,,,Trabalhando,,ASSISTENTE DE BPO I,1410.0,SINDPPD RS - SINDICATO DOS TRAB. EM PROC. DE DADOS RIO GRANDE DO SUL
34772,,,,Trabalhando,,LIDER DE BPO,1410.0,SINDPPD RS - SINDICATO DOS TRAB. EM PROC. DE DADOS RIO GRANDE DO SUL
34782,,,,Trabalhando,,LIDER DE BPO,1410.0,SINDPPD RS - SINDICATO DOS TRAB. EM PROC. DE DADOS RIO GRANDE DO SUL
34771,,,,Trabalhando,,ASSISTENTE DE BPO II,1410.0,SINDPPD RS - SINDICATO DOS TRAB. EM PROC. DE DADOS RIO GRANDE DO SUL
25846,,,,Trabalhando,,COORDENADOR DE OPERACOES I,1410.0,SINDPPD RS - SINDICATO DOS TRAB. EM PROC. DE DADOS RIO GRANDE DO SUL
34810,,,,Trabalhando,,ASSISTENTE DE BPO II,1410.0,SINDPPD RS - SINDICATO DOS TRAB. EM PROC. DE DADOS RIO GRANDE DO SUL
32277,,,,Atestado,,ASSISTENTE DE BPO II,1410.0,SINDPPD RS - SINDICATO DOS TRAB. EM PROC. DE DADOS RIO GRANDE DO SUL
34852,,,,Trabalhando,,ANALISTA DE SUPORTE I,1410.0,SINDPPD RS - SINDICATO DOS TRAB. EM PROC. DE DADOS RIO GRANDE DO SUL
27042,,,,Trabalhando,,DESENVOLVEDOR II,1410.0,SINDPPD RS - SINDICATO DOS TRAB. EM PROC. DE DADOS RIO GRANDE DO SUL
25978,,,,Trabalhando,,ANALISTA DE SISTEMAS E NEGOCIOS III,1410.0,SINDPPD RS - SINDICATO DOS TRAB. EM PROC. DE DADOS RIO GRANDE DO SUL
24561,,,,Trabalhando,,COORDENADOR DE OPERACOES I,1410.0,SINDPPD RS - SINDICATO DOS TRAB. EM PROC. DE DADOS RIO GRANDE DO SUL
30556,,,,Trabalhando,,DESENVOLVEDOR II,1410.0,SINDPPD RS - SINDICATO DOS TRAB. EM PROC. DE DADOS RIO GRANDE DO SUL
35627,,,,Trabalhando,,ASSISTENTE DE BPO I,1410.0,SINDPPD RS - SINDICATO DOS TRAB. EM PROC. DE DADOS RIO GRANDE DO SUL
34789,,,,Trabalhando,,ASSISTENTE DE BPO I,1410.0,SINDPPD RS - SINDICATO DOS TRAB. EM PROC. DE DADOS RIO GRANDE DO SUL
24505,,,,Trabalhando,,DESENVOLVEDOR III,1410.0,SINDPPD RS - SINDICATO DOS TRAB. EM PROC. DE DADOS RIO GRANDE DO SUL
27071,,,,Trabalhando,,DESENVOLVEDOR III,1410.0,SINDPPD RS - SINDICATO DOS TRAB. EM PROC. DE DADOS RIO GRANDE DO SUL
24475,,,,Trabalhando,,ANALISTA DE SISTEMAS E NEGOCIOS II,1410.0,SINDPPD RS - SINDICATO DOS TRAB. EM PROC. DE DADOS RIO GRANDE DO SUL
26273,,,,Trabalhando,,ANALISTA DE SISTEMAS E NEGOCIOS II,1410.0,SINDPPD RS - SINDICATO DOS TRAB. EM PROC. DE DADOS RIO GRANDE DO SUL
32050,,,,Trabalhando,,ANALISTA DE SISTEMAS E NEGOCIOS II,1410.0,SINDPPD RS - SINDICATO DOS TRAB. EM PROC. DE DADOS RIO GRANDE DO SUL
32549,,,,Trabalhando,,ANALISTA DE SISTEMAS E NEGOCIOS II,1410.0,SINDPPD RS - SINDICATO DOS TRAB. EM PROC. DE DADOS RIO GRANDE DO SUL
31372,,,,Trabalhando,,ANALISTA DE SISTEMAS E NEGOCIOS III,1410.0,SINDPPD RS - SINDICATO DOS TRAB. EM PROC. DE DADOS RIO GRANDE DO SUL
31573,,,,Trabalhando,,ANALISTA DE SISTEMAS E NEGOCIOS III,1410.0,SINDPPD RS - SINDICATO DOS TRAB. EM PROC. DE DADOS RIO GRANDE DO SUL
35194,,,,Trabalhando,,CIENTISTA DE DADOS III,1410.0,SINDPPD RS - SINDICATO DOS TRAB. EM PROC. DE DADOS RIO GRANDE DO SUL
